run_id,ev_depart,confidence,ev_speed,route,ew_flow,ns_flow,travel_time,true_delay,ev_wait,safety_violations,teleports,deadlocks,passed
1,272.1,0.23,14.8,COMPLEX_TURN_D_TO_B,949,616,57.0,10.89,0.0,0,0,0,True
2,329.7,0.19,18.1,EW_full,832,944,107.0,69.3,34.0,0,0,0,False
3,329.0,0.06,15.1,NS_B,1099,704,26.0,5.39,0.0,0,0,0,True
4,547.9,0.75,20.1,COMPLEX_TURN_D_TO_B,804,949,-1.0,999.0,19.0,0,0,1,False
5,294.9,0.17,21.1,COMPLEX_TURN_D_TO_B,1067,763,62.0,29.66,0.0,0,0,0,False
6,580.2,0.3,21.5,EW_full,1042,945,-1.0,999.0,0.0,0,0,1,False
7,369.8,0.63,21.8,NS_D,886,945,57.0,42.72,18.0,0,0,0,False
8,266.5,0.11,18.3,NS_D,735,694,30.0,12.99,0.0,0,0,0,True
9,388.9,0.53,15.2,NS_C,850,996,58.0,37.53,21.0,0,0,0,False
10,297.1,0.92,16.3,COMPLEX_TURN_D_TO_B,809,692,60.0,18.13,0.0,0,0,0,False
11,399.3,0.07,14.7,EW_full,968,857,-1.0,999.0,37.0,0,0,1,False
12,625.9,0.45,20.9,NS_D,860,706,29.0,14.11,0.0,0,0,0,True
13,475.9,0.65,17.2,NS_C,1079,672,25.0,6.91,0.0,0,0,0,True
14,354.0,0.73,15.6,NS_B,675,641,32.0,12.05,0.0,0,0,0,True
15,558.3,0.32,14.7,NS_D,952,851,53.0,31.83,18.0,0,0,0,False
16,541.7,0.08,16.4,NS_B,661,716,30.0,11.02,0.0,0,0,0,True
17,605.0,0.06,14.5,COMPLEX_TURN_D_TO_B,658,912,-1.0,999.0,34.0,0,0,1,False
18,567.0,0.54,17.0,COMPLEX_TURN_D_TO_B,802,658,57.0,16.86,0.0,0,0,0,False
19,565.5,0.22,16.6,NS_C,918,735,26.0,7.25,0.0,0,0,0,True
20,540.2,0.94,21.2,NS_D,1019,970,-1.0,999.0,19.0,0,0,1,False
21,250.5,0.95,21.1,NS_C,933,674,31.0,16.25,0.0,0,0,0,False
22,464.3,0.86,21.0,EW_full,1077,693,-1.0,999.0,2.0,0,0,1,False
23,487.7,0.23,20.4,EW_full,653,840,71.0,37.55,2.0,0,0,0,False
24,617.1,0.6,21.6,NS_B,1087,785,35.0,20.59,2.0,0,0,0,False
25,533.3,0.3,15.7,NS_C,719,729,27.0,7.18,0.0,0,0,0,True
26,573.8,0.87,16.4,NS_C,622,650,25.0,6.02,0.0,0,0,0,True
27,421.1,0.46,18.3,NS_D,867,665,25.0,7.99,0.0,0,0,0,True
28,294.3,0.47,20.0,EW_full,879,944,119.0,84.88,30.0,0,0,0,False
29,264.2,0.52,14.4,EW_full,814,756,88.0,40.61,15.0,0,0,0,False
30,482.4,0.48,18.5,NS_B,815,756,31.0,14.18,0.0,0,0,0,True
31,297.5,0.22,17.7,NS_D,637,788,37.0,19.42,4.0,0,0,0,False
32,559.4,0.09,21.1,EW_full,1031,881,-1.0,999.0,0.0,0,0,1,False
33,550.5,0.32,20.6,NS_D,969,980,-1.0,999.0,25.0,0,0,1,False
34,569.4,0.63,21.2,NS_D,617,841,45.0,30.32,10.0,0,0,0,False
35,435.8,0.55,16.5,NS_C,646,979,60.0,41.14,22.0,0,0,0,False
36,537.2,0.08,17.2,COMPLEX_TURN_D_TO_B,897,826,84.0,44.33,15.0,0,0,0,False
37,297.1,0.69,18.3,NS_D,828,886,48.0,30.99,13.0,0,0,0,False
38,282.9,0.72,14.6,NS_B,968,899,42.0,20.68,6.0,0,0,0,False
39,345.5,0.56,15.3,COMPLEX_TURN_D_TO_B,682,901,88.0,43.4,21.0,0,0,0,False
40,468.4,0.77,14.9,NS_C,784,711,26.0,5.11,0.0,0,0,0,True
41,419.3,0.21,17.0,EW_full,880,602,-1.0,999.0,43.0,0,0,1,False
42,604.6,0.87,18.4,EW_full,1019,856,-1.0,999.0,0.0,0,0,1,False
43,338.6,0.8,16.9,NS_C,934,974,57.0,38.59,19.0,0,0,0,False
44,336.7,0.18,15.1,COMPLEX_TURN_D_TO_B,868,988,-1.0,999.0,40.0,0,0,1,False
45,572.4,0.6,14.4,NS_B,700,853,54.0,32.39,17.0,0,0,0,False
46,418.4,0.36,19.0,NS_C,806,960,63.0,46.62,24.0,0,0,0,False
47,256.4,0.93,21.6,NS_D,945,919,51.0,36.59,14.0,0,0,0,False
48,437.1,0.2,19.9,NS_D,1097,916,56.0,40.36,19.0,0,0,0,False
49,577.9,0.25,21.1,COMPLEX_TURN_D_TO_B,659,623,57.0,24.66,0.0,0,0,0,False
50,372.7,0.79,19.4,COMPLEX_TURN_D_TO_B,1030,682,58.0,22.82,0.0,0,0,0,False
51,508.8,0.5,21.4,COMPLEX_TURN_D_TO_B,1023,820,75.0,43.11,12.0,0,0,0,False
52,588.5,0.98,19.7,NS_B,753,703,31.0,15.2,0.0,0,0,0,False
53,354.6,0.39,21.2,NS_D,986,950,82.0,67.32,38.0,0,0,0,False
54,626.4,0.14,20.1,COMPLEX_TURN_D_TO_B,981,789,71.0,37.05,6.0,0,0,0,False
55,259.6,0.82,16.0,NS_B,854,916,53.0,33.55,21.0,0,0,0,False
56,332.4,0.72,14.7,NS_C,899,840,44.0,22.83,1.0,0,0,0,False
57,581.9,0.86,18.1,NS_B,679,751,31.0,13.81,0.0,0,0,0,True
58,380.0,0.5,21.7,NS_B,944,658,28.0,13.66,0.0,0,0,0,True
59,632.0,0.75,20.9,NS_D,828,985,-1.0,999.0,6.0,0,0,1,False
60,365.0,0.2,17.6,COMPLEX_TURN_D_TO_B,917,712,57.0,18.23,0.0,0,0,0,False
61,560.8,0.37,20.1,NS_D,1035,846,53.0,37.52,19.0,0,0,0,False
62,522.4,0.99,19.3,NS_C,645,984,-1.0,999.0,21.0,0,0,1,False
63,533.7,0.26,21.1,NS_C,1058,706,27.0,12.25,0.0,0,0,0,True
64,288.6,0.89,21.0,NS_C,920,600,26.0,11.18,0.0,0,0,0,True
65,504.2,0.34,16.8,NS_D,847,698,32.0,13.48,0.0,0,0,0,True
66,443.6,0.3,14.2,COMPLEX_TURN_D_TO_B,841,848,81.0,32.94,13.0,0,0,0,False
67,479.3,0.89,15.8,NS_D,763,931,77.0,57.3,34.0,0,0,0,False
68,547.1,0.24,17.4,NS_C,827,962,-1.0,999.0,20.0,0,0,1,False
69,466.4,0.54,19.8,NS_B,984,795,38.0,22.28,2.0,0,0,0,False
70,648.0,0.05,20.1,NS_B,1030,906,-1.0,999.0,19.0,0,0,1,False
71,607.1,0.69,14.5,NS_C,816,606,29.0,7.54,0.0,0,0,0,True
72,570.4,0.02,18.0,NS_C,946,874,59.0,41.71,22.0,0,0,0,False
73,576.7,0.61,20.0,COMPLEX_TURN_D_TO_B,1020,610,57.0,22.88,0.0,0,0,0,False
74,562.6,0.27,22.0,NS_D,1005,719,26.0,11.85,0.0,0,0,0,True
75,297.7,0.4,20.9,NS_D,727,726,30.0,15.11,0.0,0,0,0,False
76,485.0,0.27,19.7,NS_D,862,761,33.0,17.2,2.0,0,0,0,False
77,605.3,0.31,18.7,COMPLEX_TURN_D_TO_B,620,901,-1.0,999.0,20.0,0,0,1,False
78,621.3,0.91,17.3,COMPLEX_TURN_D_TO_B,1009,972,-1.0,999.0,22.0,0,0,1,False
79,347.4,0.19,15.0,NS_C,920,839,50.0,29.25,16.0,0,0,0,False
80,286.2,0.16,21.8,NS_D,877,663,25.0,10.72,0.0,0,0,0,True
81,602.8,0.25,15.3,NS_C,947,787,40.0,19.66,7.0,0,0,0,False
82,573.6,0.36,17.6,NS_B,646,939,55.0,37.32,20.0,0,0,0,False
83,274.9,0.43,15.0,COMPLEX_TURN_D_TO_B,918,958,82.0,36.51,17.0,0,0,0,False
84,288.2,0.9,15.5,NS_D,719,790,29.0,8.92,0.0,0,0,0,True
85,414.7,0.62,19.3,EW_full,892,981,-1.0,999.0,36.0,0,0,1,False
86,506.5,0.7,19.9,EW_full,652,770,72.0,37.71,0.0,0,0,0,False
87,515.0,0.68,21.5,EW_full,1045,929,-1.0,999.0,0.0,0,0,1,False
88,496.7,0.65,21.8,NS_C,1053,758,37.0,22.72,4.0,0,0,0,False
89,602.2,0.87,18.9,NS_C,910,820,50.0,33.53,15.0,0,0,0,False
90,503.4,0.81,15.1,NS_C,935,983,-1.0,999.0,19.0,0,0,1,False
91,484.6,0.71,15.0,NS_C,1061,809,42.0,21.25,9.0,0,0,0,False
92,598.3,0.04,14.6,NS_B,623,967,-1.0,999.0,23.0,0,0,1,False
93,611.7,0.67,16.9,EW_full,1068,859,-1.0,999.0,0.0,0,0,1,False
94,388.2,0.29,20.3,NS_D,725,815,39.0,23.67,8.0,0,0,0,False
95,256.1,0.94,21.3,NS_B,923,959,60.0,45.39,22.0,0,0,0,False
96,381.8,0.13,18.1,COMPLEX_TURN_D_TO_B,821,889,87.0,49.3,18.0,0,0,0,False
97,279.2,0.02,15.8,EW_full,858,694,107.0,63.81,33.0,0,0,0,False
98,612.4,0.49,21.9,NS_D,636,639,25.0,10.79,0.0,0,0,0,True
99,525.0,0.9,19.5,NS_B,987,616,34.0,18.04,0.0,0,0,0,False
100,403.1,0.74,19.3,NS_B,675,823,50.0,33.88,15.0,0,0,0,False
101,435.1,0.63,15.8,COMPLEX_TURN_D_TO_B,757,927,-1.0,999.0,35.0,0,0,1,False
102,312.0,0.84,21.2,NS_B,659,954,57.0,42.32,20.0,0,0,0,False
103,371.9,0.41,16.0,COMPLEX_TURN_D_TO_B,993,910,103.0,60.35,33.0,0,0,0,False
104,284.3,0.32,16.8,NS_D,860,989,61.0,42.48,23.0,0,0,0,False
105,286.6,0.07,19.1,EW_full,787,979,89.0,53.27,16.0,0,0,0,False
106,433.5,0.17,16.4,NS_D,883,720,25.0,6.02,0.0,0,0,0,True
107,527.0,0.14,20.5,COMPLEX_TURN_D_TO_B,768,670,57.0,23.71,0.0,0,0,0,False
108,517.5,0.61,21.5,COMPLEX_TURN_D_TO_B,918,607,57.0,25.26,0.0,0,0,0,False
109,545.4,0.09,21.4,EW_full,823,750,115.0,83.11,29.0,0,0,0,False
110,465.3,0.42,14.4,NS_C,654,898,58.0,36.39,18.0,0,0,0,False
111,465.6,0.69,17.9,NS_D,1022,683,27.0,9.61,0.0,0,0,0,True
112,467.0,0.44,18.2,NS_D,682,682,28.0,10.9,0.0,0,0,0,True
113,481.0,0.71,15.4,NS_D,1026,855,64.0,43.79,26.0,0,0,0,False
114,383.3,0.77,14.4,NS_D,717,650,27.0,5.39,0.0,0,0,0,True
115,614.8,0.81,20.6,NS_B,1061,998,-1.0,999.0,0.0,0,0,1,False
116,388.1,0.18,20.9,EW_full,1050,813,-1.0,999.0,22.0,0,0,1,False
117,506.2,0.44,21.9,NS_D,718,930,62.0,47.79,25.0,0,0,0,False
118,304.2,0.88,17.0,NS_B,794,920,59.0,40.69,22.0,0,0,0,False
119,282.5,0.99,15.1,NS_D,701,838,32.0,11.39,0.0,0,0,0,True
120,378.9,0.89,18.8,COMPLEX_TURN_D_TO_B,688,854,69.0,32.7,5.0,0,0,0,False
121,419.5,0.92,18.8,EW_full,938,688,-1.0,999.0,58.0,0,0,1,False
122,640.9,0.53,15.0,EW_full,907,969,-1.0,999.0,22.0,0,0,1,False
123,323.1,0.33,18.3,EW_full,837,675,124.0,86.71,34.0,0,0,0,False
124,435.3,0.56,18.0,NS_B,716,724,28.0,10.71,0.0,0,0,0,True
125,481.5,0.25,21.4,NS_D,910,744,31.0,16.46,0.0,0,0,0,False
126,334.8,0.29,15.1,NS_C,870,894,67.0,46.39,25.0,0,0,0,False
127,630.2,0.48,15.0,EW_full,926,937,-1.0,999.0,21.0,0,0,1,False
128,560.5,0.6,15.5,COMPLEX_TURN_D_TO_B,620,801,72.0,27.97,8.0,0,0,0,False
129,282.8,0.36,16.7,NS_B,627,1000,54.0,35.37,15.0,0,0,0,False
130,527.1,0.52,14.8,NS_C,970,922,57.0,35.97,20.0,0,0,0,False
131,468.2,0.56,14.6,EW_full,635,814,66.0,19.26,0.0,0,0,0,False
132,306.3,0.35,16.3,COMPLEX_TURN_D_TO_B,662,926,88.0,46.13,23.0,0,0,0,False
133,286.8,0.88,18.3,EW_full,783,950,103.0,65.71,22.0,0,0,0,False
134,341.5,0.17,19.3,NS_D,1050,900,59.0,42.88,20.0,0,0,0,False
135,516.2,0.58,14.5,NS_B,694,690,27.0,5.54,0.0,0,0,0,True
136,467.6,0.72,16.7,NS_B,904,712,32.0,13.37,0.0,0,0,0,True
137,259.1,0.74,18.2,COMPLEX_TURN_D_TO_B,891,717,65.0,27.51,2.0,0,0,0,False
138,633.9,0.61,15.5,COMPLEX_TURN_D_TO_B,932,973,-1.0,999.0,12.0,0,0,1,False
139,511.3,0.55,18.3,EW_full,616,970,68.0,30.71,4.0,0,0,0,False
140,353.5,0.9,20.5,NS_D,1036,810,47.0,31.82,11.0,0,0,0,False
141,590.6,0.79,14.8,NS_C,1090,845,59.0,37.97,23.0,0,0,0,False
142,521.0,0.11,17.4,EW_full,953,890,-1.0,999.0,19.0,0,0,1,False
143,348.3,0.2,14.9,COMPLEX_TURN_D_TO_B,997,898,87.0,41.2,22.0,0,0,0,False
144,471.0,0.46,20.8,NS_D,643,676,25.0,10.04,0.0,0,0,0,True
145,281.9,0.42,22.0,COMPLEX_TURN_D_TO_B,753,911,73.0,41.98,10.0,0,0,0,False
146,355.1,0.4,17.1,EW_full,762,659,85.0,45.09,9.0,0,0,0,False
147,598.1,0.84,19.6,COMPLEX_TURN_D_TO_B,834,894,-1.0,999.0,22.0,0,0,1,False
148,265.9,0.84,18.3,COMPLEX_TURN_D_TO_B,973,768,63.0,25.71,1.0,0,0,0,False
149,343.7,0.3,19.0,NS_D,704,870,48.0,31.62,11.0,0,0,0,False
150,592.7,0.97,21.5,NS_D,946,959,-1.0,999.0,39.0,0,0,1,False
151,318.4,0.34,19.1,EW_full,873,743,125.0,89.27,32.0,0,0,0,False
152,537.6,0.77,16.2,NS_C,901,811,47.0,27.79,13.0,0,0,0,False
153,415.7,0.72,17.8,COMPLEX_TURN_D_TO_B,751,636,60.0,21.66,0.0,0,0,0,False
154,395.1,0.98,18.6,NS_C,928,645,30.0,13.27,0.0,0,0,0,True
155,591.4,0.63,16.3,NS_D,1007,712,31.0,11.91,0.0,0,0,0,True
156,469.6,0.67,19.3,COMPLEX_TURN_D_TO_B,659,845,75.0,39.64,11.0,0,0,0,False
157,481.0,0.16,17.1,EW_full,826,646,123.0,83.09,31.0,0,0,0,False
158,644.4,0.77,15.1,COMPLEX_TURN_D_TO_B,719,673,64.0,18.81,3.0,0,0,0,False
159,414.7,0.68,16.0,NS_D,850,821,43.0,23.55,9.0,0,0,0,False
160,422.0,0.27,21.7,EW_full,772,669,91.0,59.55,10.0,0,0,0,False
161,520.7,0.89,14.3,EW_full,939,837,-1.0,999.0,37.0,0,0,1,False
162,509.9,0.3,18.2,COMPLEX_TURN_D_TO_B,918,707,58.0,20.51,0.0,0,0,0,False
163,591.9,0.99,18.0,COMPLEX_TURN_D_TO_B,614,636,61.0,23.09,0.0,0,0,0,False
164,381.7,0.46,16.7,COMPLEX_TURN_D_TO_B,1018,899,89.0,48.14,23.0,0,0,0,False
165,287.6,0.03,20.5,COMPLEX_TURN_D_TO_B,958,615,58.0,24.71,0.0,0,0,0,False
166,261.3,0.27,19.8,NS_D,662,650,34.0,18.28,0.0,0,0,0,False
167,399.7,0.66,19.3,COMPLEX_TURN_D_TO_B,677,997,-1.0,999.0,19.0,0,0,1,False
168,301.8,0.7,18.1,COMPLEX_TURN_D_TO_B,674,881,80.0,42.3,16.0,0,0,0,False
169,543.9,0.72,16.0,NS_D,757,771,38.0,18.55,8.0,0,0,0,False
170,282.7,0.62,19.5,EW_full,1026,622,-1.0,999.0,58.0,0,0,1,False
171,583.6,0.19,16.8,NS_C,836,761,34.0,15.48,0.0,0,0,0,False
172,345.0,0.36,18.2,NS_D,966,923,60.0,42.9,23.0,0,0,0,False
173,314.4,0.14,21.3,NS_C,789,807,39.0,24.39,7.0,0,0,0,False
174,261.3,0.92,16.7,NS_C,673,854,44.0,25.37,12.0,0,0,0,False
175,319.8,0.75,17.1,NS_B,867,697,25.0,6.8,0.0,0,0,0,True
176,360.7,0.3,15.2,EW_full,883,867,-1.0,999.0,40.0,0,0,1,False
177,447.9,0.67,21.3,COMPLEX_TURN_D_TO_B,861,700,63.0,30.96,1.0,0,0,0,False
178,341.4,0.83,14.6,COMPLEX_TURN_D_TO_B,911,918,89.0,42.26,25.0,0,0,0,False
179,366.9,0.44,21.8,NS_B,743,644,25.0,10.72,0.0,0,0,0,True
180,516.9,0.78,20.7,EW_full,671,771,78.0,45.03,0.0,0,0,0,False
181,390.1,0.66,14.3,NS_C,1025,731,29.0,7.24,0.0,0,0,0,True
182,446.7,0.5,16.2,NS_D,620,783,41.0,21.79,9.0,0,0,0,False
183,412.7,0.79,14.0,COMPLEX_TURN_D_TO_B,622,887,85.0,36.26,18.0,0,0,0,False
184,494.1,0.19,21.0,NS_C,1066,961,58.0,43.18,24.0,0,0,0,False
185,541.0,0.17,20.1,COMPLEX_TURN_D_TO_B,1013,846,91.0,57.05,26.0,0,0,0,False
186,615.7,0.2,17.8,EW_full,1019,620,-1.0,999.0,23.0,0,0,1,False
187,303.4,0.56,19.3,NS_C,810,880,55.0,38.88,20.0,0,0,0,False
188,362.2,0.44,19.3,COMPLEX_TURN_D_TO_B,848,868,81.0,45.64,18.0,0,0,0,False
189,592.7,0.2,20.2,COMPLEX_TURN_D_TO_B,1042,834,90.0,56.22,25.0,0,0,0,False
190,485.6,0.96,21.6,COMPLEX_TURN_D_TO_B,708,840,88.0,56.41,16.0,0,0,0,False
191,559.7,0.75,20.5,EW_full,708,846,75.0,41.71,1.0,0,0,0,False
192,468.5,0.38,20.8,NS_D,605,795,37.0,22.04,4.0,0,0,0,False
193,521.9,0.58,20.8,NS_B,624,723,25.0,10.04,0.0,0,0,0,True
194,351.2,0.78,18.3,NS_C,723,893,60.0,42.99,24.0,0,0,0,False
195,485.5,0.73,16.5,COMPLEX_TURN_D_TO_B,609,698,59.0,17.64,0.0,0,0,0,False
196,419.7,0.78,15.6,NS_D,968,892,57.0,37.05,21.0,0,0,0,False
197,295.4,0.23,15.1,COMPLEX_TURN_D_TO_B,848,807,70.0,24.81,7.0,0,0,0,False
198,311.2,0.81,15.5,EW_full,696,809,78.0,33.97,5.0,0,0,0,False
199,639.0,0.56,19.8,COMPLEX_TURN_D_TO_B,1079,623,60.0,25.54,0.0,0,0,0,False
200,463.5,0.23,21.8,NS_B,835,745,29.0,14.72,0.0,0,0,0,True
201,468.1,0.56,20.9,COMPLEX_TURN_D_TO_B,619,975,-1.0,999.0,20.0,0,0,1,False
202,372.3,0.76,17.0,NS_B,862,620,26.0,7.69,0.0,0,0,0,True
203,522.5,0.08,18.5,EW_full,676,839,72.0,35.11,0.0,0,0,0,False
204,544.2,0.56,16.5,NS_B,1090,738,32.0,13.14,0.0,0,0,0,True
205,286.3,0.29,16.9,NS_B,1056,715,25.0,6.59,0.0,0,0,0,True
206,397.1,0.89,14.1,NS_D,896,896,58.0,35.93,22.0,0,0,0,False
207,316.3,0.53,14.8,COMPLEX_TURN_D_TO_B,701,920,83.0,36.89,20.0,0,0,0,False
208,448.0,0.37,17.6,EW_full,790,720,104.0,65.23,9.0,0,0,0,False
209,642.2,0.16,20.1,NS_C,817,716,35.0,19.52,4.0,0,0,0,False
210,487.8,0.99,20.9,NS_C,777,884,61.0,46.11,21.0,0,0,0,False
211,575.9,0.07,21.9,NS_C,840,865,60.0,45.79,22.0,0,0,0,False
212,591.5,0.96,21.1,NS_D,716,752,35.0,20.25,4.0,0,0,0,False
213,498.1,0.78,14.9,NS_D,839,973,58.0,37.11,21.0,0,0,0,False
214,487.5,0.25,18.2,NS_D,931,682,32.0,14.9,0.0,0,0,0,True
215,506.3,0.02,17.2,NS_B,893,883,59.0,40.91,18.0,0,0,0,False
216,541.3,0.32,17.9,EW_full,1033,931,-1.0,999.0,0.0,0,0,1,False
217,298.9,0.85,15.3,NS_C,880,977,54.0,33.66,19.0,0,0,0,False
218,528.0,0.45,18.7,NS_B,807,729,25.0,8.36,0.0,0,0,0,True
219,302.0,0.08,14.8,NS_C,1015,863,51.0,29.97,16.0,0,0,0,False
220,310.5,0.28,14.6,NS_D,859,707,31.0,9.68,0.0,0,0,0,True
221,281.4,0.93,14.2,NS_B,831,600,25.0,3.08,0.0,0,0,0,True
222,522.2,0.33,19.3,EW_full,1003,613,-1.0,999.0,28.0,0,0,1,False
223,614.0,0.68,16.6,EW_full,653,964,74.0,32.89,0.0,0,0,0,False
224,421.4,0.01,19.3,COMPLEX_TURN_D_TO_B,1024,911,89.0,53.64,20.0,0,0,0,False
225,397.1,0.9,15.5,NS_C,720,742,32.0,11.92,0.0,0,0,0,True
226,453.0,0.5,20.8,NS_B,808,748,33.0,18.04,2.0,0,0,0,False
227,355.2,0.72,18.4,NS_C,949,937,80.0,63.09,40.0,0,0,0,False
228,568.9,0.86,19.1,NS_D,972,675,25.0,8.71,0.0,0,0,0,True
229,250.5,0.32,17.5,NS_B,963,900,51.0,33.22,15.0,0,0,0,False
230,399.1,0.15,18.3,NS_B,1064,858,55.0,37.99,18.0,0,0,0,False
231,384.7,0.13,16.5,COMPLEX_TURN_D_TO_B,942,863,89.0,47.64,18.0,0,0,0,False
232,298.8,0.33,20.6,EW_full,774,970,89.0,55.87,14.0,0,0,0,False
233,399.3,0.11,17.6,NS_D,618,854,52.0,34.32,19.0,0,0,0,False
234,489.7,0.58,17.5,EW_full,835,674,124.0,85.01,36.0,0,0,0,False
235,271.4,0.7,19.9,EW_full,611,620,60.0,25.71,0.0,0,0,0,False
236,407.3,0.59,19.4,EW_full,714,713,74.0,38.82,6.0,0,0,0,False
237,316.9,0.56,16.9,NS_D,740,683,27.0,8.59,0.0,0,0,0,True
238,315.4,0.57,17.6,COMPLEX_TURN_D_TO_B,816,973,86.0,47.23,20.0,0,0,0,False
239,626.5,0.28,21.4,NS_C,982,730,32.0,17.46,0.0,0,0,0,False
240,578.0,0.07,17.7,EW_full,775,837,104.0,65.45,24.0,0,0,0,False
241,332.5,0.85,14.6,COMPLEX_TURN_D_TO_B,1097,755,57.0,10.26,0.0,0,0,0,True
242,407.1,0.5,16.8,COMPLEX_TURN_D_TO_B,906,800,74.0,33.38,11.0,0,0,0,False
243,595.3,0.11,15.4,EW_full,804,897,127.0,82.69,39.0,0,0,0,False
244,266.0,0.68,16.1,EW_full,780,971,86.0,43.61,8.0,0,0,0,False
245,311.0,0.16,18.0,NS_B,647,684,32.0,14.71,1.0,0,0,0,True
246,326.0,0.85,14.0,NS_B,703,843,38.0,15.77,5.0,0,0,0,False
247,387.1,0.07,20.3,COMPLEX_TURN_D_TO_B,993,901,90.0,56.38,25.0,0,0,0,False
248,290.7,0.98,20.6,COMPLEX_TURN_D_TO_B,816,609,58.0,24.87,0.0,0,0,0,False
249,444.9,0.38,15.2,COMPLEX_TURN_D_TO_B,974,854,86.0,41.11,17.0,0,0,0,False
250,387.2,0.97,14.2,NS_C,605,663,28.0,6.08,0.0,0,0,0,True
251,464.3,0.2,21.2,NS_D,805,617,27.0,12.32,0.0,0,0,0,True
252,441.8,0.18,19.5,EW_full,919,967,-1.0,999.0,36.0,0,0,1,False
253,291.8,0.97,17.8,NS_B,670,849,40.0,22.52,6.0,0,0,0,False
254,398.8,0.47,14.5,COMPLEX_TURN_D_TO_B,749,721,61.0,13.94,0.0,0,0,0,True
255,581.7,0.21,19.7,EW_full,1000,975,-1.0,999.0,0.0,0,0,1,False
256,522.3,0.24,20.5,NS_D,839,936,58.0,42.82,21.0,0,0,0,False
257,376.9,0.89,17.1,NS_B,1052,839,42.0,23.8,9.0,0,0,0,False
258,529.9,0.2,19.3,NS_B,859,610,25.0,8.88,0.0,0,0,0,True
259,616.8,0.14,19.3,NS_C,727,896,58.0,41.88,20.0,0,0,0,False
260,594.2,0.66,17.4,COMPLEX_TURN_D_TO_B,1026,954,-1.0,999.0,22.0,0,0,1,False
261,392.5,0.95,19.3,EW_full,1001,846,-1.0,999.0,21.0,0,0,1,False
262,376.7,0.64,20.2,NS_C,620,710,29.0,13.59,0.0,0,0,0,True
263,282.1,0.01,19.0,EW_full,1026,956,-1.0,999.0,31.0,0,0,1,False
264,467.6,0.49,20.6,NS_C,1006,881,58.0,42.89,18.0,0,0,0,False
265,459.3,0.4,18.1,NS_B,732,979,59.0,41.81,24.0,0,0,0,False
266,377.8,0.19,14.7,NS_D,828,869,43.0,21.83,8.0,0,0,0,False
267,322.3,0.08,14.9,NS_C,780,690,25.0,4.11,0.0,0,0,0,True
268,621.4,0.66,18.8,EW_full,1071,691,-1.0,999.0,0.0,0,0,1,False
269,649.5,0.03,21.3,NS_C,732,857,59.0,44.39,19.0,0,0,0,False
270,625.2,0.62,20.3,NS_B,980,645,30.0,14.67,0.0,0,0,0,True
271,379.6,0.87,19.3,NS_B,912,975,60.0,43.88,23.0,0,0,0,False
272,544.5,0.12,17.2,EW_full,955,622,-1.0,999.0,24.0,0,0,1,False
273,476.6,0.98,17.0,EW_full,928,681,-1.0,999.0,59.0,0,0,1,False
274,285.8,0.16,15.6,EW_full,915,668,127.0,83.26,36.0,0,0,0,False
275,546.3,0.21,17.0,NS_B,902,610,25.0,6.69,0.0,0,0,0,True
276,301.5,0.68,15.2,EW_full,1031,909,-1.0,999.0,42.0,0,0,1,False
277,509.5,0.09,15.9,NS_D,916,766,33.0,13.43,0.0,0,0,0,True
278,475.8,0.38,20.5,COMPLEX_TURN_D_TO_B,676,974,-1.0,999.0,22.0,0,0,1,False
279,644.8,0.45,15.8,COMPLEX_TURN_D_TO_B,752,797,80.0,36.81,18.0,0,0,0,False
280,323.5,0.49,19.0,NS_B,817,790,30.0,13.62,0.0,0,0,0,True
281,369.7,0.17,20.7,NS_C,970,841,44.0,28.97,7.0,0,0,0,False
282,427.8,0.97,16.8,COMPLEX_TURN_D_TO_B,834,760,58.0,17.38,0.0,0,0,0,False
283,334.3,0.51,17.1,COMPLEX_TURN_D_TO_B,975,727,57.0,17.09,0.0,0,0,0,False
284,321.5,0.83,16.9,NS_D,926,604,25.0,6.59,0.0,0,0,0,True
285,275.6,0.55,21.4,NS_B,858,991,59.0,44.46,22.0,0,0,0,False
286,370.3,0.48,20.1,NS_B,938,909,52.0,36.52,17.0,0,0,0,False
287,334.1,0.21,17.2,COMPLEX_TURN_D_TO_B,1076,772,61.0,21.33,0.0,0,0,0,False
288,593.7,0.02,15.9,NS_C,710,775,44.0,24.43,9.0,0,0,0,False
289,610.5,0.83,16.7,EW_full,623,985,67.0,26.14,0.0,0,0,0,False
290,567.6,0.71,19.7,EW_full,912,710,-1.0,999.0,45.0,0,0,1,False
291,427.4,0.52,16.3,NS_B,709,964,58.0,38.91,23.0,0,0,0,False
292,625.4,0.17,16.8,NS_C,911,642,26.0,7.48,0.0,0,0,0,True
293,640.2,0.5,19.0,EW_full,942,915,-1.0,999.0,26.0,0,0,1,False
294,551.9,0.9,19.2,COMPLEX_TURN_D_TO_B,681,688,63.0,27.46,1.0,0,0,0,False
295,579.6,0.68,14.0,NS_B,944,954,-1.0,999.0,38.0,0,0,1,False
296,587.8,0.01,17.6,COMPLEX_TURN_D_TO_B,725,618,59.0,20.23,0.0,0,0,0,False
297,439.9,0.03,19.4,NS_C,641,749,31.0,14.96,0.0,0,0,0,True
298,264.8,0.26,16.4,NS_B,1028,675,33.0,14.02,2.0,0,0,0,True
299,434.4,0.73,20.2,NS_D,607,927,60.0,44.59,22.0,0,0,0,False
300,259.4,0.67,15.3,NS_D,1092,623,31.0,10.66,0.0,0,0,0,True
301,554.3,0.58,14.5,NS_C,1049,778,37.0,15.54,5.0,0,0,0,False
302,567.9,0.43,17.9,NS_B,885,682,31.0,13.61,0.0,0,0,0,True
303,385.0,0.75,21.3,NS_D,702,762,31.0,16.39,0.0,0,0,0,False
304,370.0,0.09,14.4,NS_D,687,844,45.0,23.39,12.0,0,0,0,False
305,487.8,0.78,18.0,NS_B,730,699,29.0,11.71,0.0,0,0,0,True
306,624.2,0.2,17.7,NS_C,955,684,26.0,8.42,0.0,0,0,0,True
307,643.9,0.24,18.1,NS_D,1083,642,35.0,17.81,1.0,0,0,0,False
308,289.9,0.42,16.7,NS_B,859,973,57.0,38.37,21.0,0,0,0,False
309,467.9,0.36,15.3,NS_D,926,914,61.0,40.66,22.0,0,0,0,False
310,643.6,0.0,19.8,EW_full,910,623,-1.0,999.0,21.0,0,0,1,False
311,468.3,0.82,18.1,NS_C,752,781,36.0,18.81,0.0,0,0,0,False
312,360.7,0.42,15.2,NS_B,824,770,36.0,15.53,2.0,0,0,0,False
313,547.4,0.53,15.9,NS_D,847,611,31.0,11.43,0.0,0,0,0,True
314,621.0,0.75,21.3,NS_D,966,708,25.0,10.39,0.0,0,0,0,True
315,373.5,0.69,19.4,NS_C,751,690,25.0,8.96,0.0,0,0,0,True
316,462.2,0.91,20.3,COMPLEX_TURN_D_TO_B,719,816,74.0,40.38,11.0,0,0,0,False
317,516.2,0.76,16.9,NS_C,718,897,59.0,40.59,20.0,0,0,0,False
318,545.1,0.28,18.5,COMPLEX_TURN_D_TO_B,785,982,-1.0,999.0,23.0,0,0,1,False
319,299.9,0.51,18.4,EW_full,618,861,70.0,32.91,5.0,0,0,0,False
320,343.0,0.87,17.9,NS_D,1074,880,60.0,42.61,19.0,0,0,0,False
321,290.2,0.54,15.1,COMPLEX_TURN_D_TO_B,1089,614,57.0,11.81,0.0,0,0,0,True
322,608.9,0.03,16.4,COMPLEX_TURN_D_TO_B,970,853,88.0,46.39,17.0,0,0,0,False
323,357.8,0.8,20.8,EW_full,646,841,78.0,45.19,5.0,0,0,0,False
324,288.9,0.3,17.3,NS_C,874,911,47.0,29.01,7.0,0,0,0,False
325,492.9,1.0,21.1,NS_B,623,711,30.0,15.25,0.0,0,0,0,False
326,328.3,0.04,19.8,NS_D,643,676,25.0,9.28,0.0,0,0,0,True
327,495.5,0.95,21.2,NS_C,878,748,31.0,16.32,0.0,0,0,0,False
328,308.1,0.46,14.4,NS_C,900,947,64.0,42.39,22.0,0,0,0,False
329,531.4,0.72,14.5,NS_C,954,876,59.0,37.54,24.0,0,0,0,False
330,371.5,0.37,19.1,COMPLEX_TURN_D_TO_B,692,730,57.0,21.27,0.0,0,0,0,False
331,371.7,0.67,19.5,EW_full,715,783,80.0,45.01,0.0,0,0,0,False
332,427.7,0.1,20.4,NS_B,867,800,37.0,21.75,0.0,0,0,0,False
333,404.7,0.95,20.3,NS_C,1075,844,58.0,42.67,18.0,0,0,0,False
334,601.8,1.0,16.8,NS_B,1008,950,-1.0,999.0,24.0,0,0,1,False
335,444.5,0.61,21.3,COMPLEX_TURN_D_TO_B,1041,619,59.0,26.96,0.0,0,0,0,False
336,500.9,0.68,19.6,COMPLEX_TURN_D_TO_B,686,742,65.0,30.18,1.0,0,0,0,False
337,605.8,0.0,20.5,NS_B,985,845,59.0,43.82,21.0,0,0,0,False
338,649.4,0.79,21.2,NS_C,972,607,29.0,14.32,0.0,0,0,0,True
339,259.1,0.15,17.9,NS_C,773,726,36.0,18.61,3.0,0,0,0,False
340,477.4,0.61,19.9,EW_full,702,934,77.0,42.71,4.0,0,0,0,False
341,467.1,0.41,21.2,COMPLEX_TURN_D_TO_B,846,723,57.0,24.81,0.0,0,0,0,False
342,280.3,0.4,16.8,EW_full,891,731,114.0,73.38,38.0,0,0,0,False
343,610.0,0.6,15.1,NS_B,1002,877,58.0,37.39,21.0,0,0,0,False
344,496.9,0.37,16.7,NS_D,955,997,-1.0,999.0,21.0,0,0,1,False
345,312.1,0.74,15.9,NS_B,959,660,33.0,13.43,1.0,0,0,0,True
346,297.9,0.32,21.2,EW_full,933,813,-1.0,999.0,57.0,0,0,1,False
347,594.7,0.81,16.7,EW_full,1037,831,-1.0,999.0,0.0,0,0,1,False
348,521.3,0.43,17.3,NS_B,1008,908,77.0,59.01,36.0,0,0,0,False
349,648.3,0.82,18.0,NS_C,664,601,29.0,11.71,0.0,0,0,0,True
350,253.0,0.74,21.4,NS_B,653,686,32.0,17.46,0.0,0,0,0,False
351,265.5,0.72,20.6,NS_D,978,735,35.0,19.89,0.0,0,0,0,False
352,425.6,0.77,15.5,NS_D,934,774,27.0,6.92,0.0,0,0,0,True
353,305.0,0.68,20.6,EW_full,875,940,124.0,90.87,33.0,0,0,0,False
354,295.6,0.94,21.2,NS_B,1080,848,43.0,28.32,11.0,0,0,0,False
355,487.0,0.31,16.2,COMPLEX_TURN_D_TO_B,638,658,58.0,15.88,0.0,0,0,0,False
356,624.3,0.73,15.3,EW_full,695,966,64.0,19.4,0.0,0,0,0,False
357,597.8,0.08,14.7,NS_D,931,812,51.0,29.83,19.0,0,0,0,False
358,281.8,0.77,20.6,NS_B,828,935,43.0,27.89,11.0,0,0,0,False
359,390.8,0.84,14.6,EW_full,822,694,106.0,59.26,24.0,0,0,0,False
360,569.5,0.31,16.5,COMPLEX_TURN_D_TO_B,909,871,89.0,47.64,22.0,0,0,0,False
361,471.7,0.99,14.7,NS_B,1089,847,46.0,24.83,10.0,0,0,0,False
362,319.3,0.94,18.6,NS_C,778,818,37.0,20.27,2.0,0,0,0,False
363,543.2,0.2,14.8,COMPLEX_TURN_D_TO_B,632,683,64.0,17.89,0.0,0,0,0,False
364,321.5,0.15,20.5,NS_C,754,821,37.0,21.82,4.0,0,0,0,False
365,556.1,0.2,19.3,NS_B,889,925,-1.0,999.0,38.0,0,0,1,False
366,380.7,0.7,17.7,COMPLEX_TURN_D_TO_B,929,877,97.0,58.45,29.0,0,0,0,False
367,562.1,0.31,21.7,NS_D,664,888,59.0,44.66,21.0,0,0,0,False
368,450.9,0.64,21.6,EW_full,760,805,79.0,47.41,12.0,0,0,0,False
369,553.4,0.42,16.8,COMPLEX_TURN_D_TO_B,895,901,-1.0,999.0,23.0,0,0,1,False
370,365.9,0.51,20.3,NS_D,610,723,31.0,15.67,0.0,0,0,0,False
371,327.9,0.38,14.1,EW_full,989,684,-1.0,999.0,59.0,0,0,1,False
372,306.7,0.97,15.2,EW_full,698,684,81.0,36.11,7.0,0,0,0,False
373,317.0,0.31,19.8,NS_B,667,859,49.0,33.28,15.0,0,0,0,False
374,602.2,0.04,15.4,EW_full,738,758,82.0,37.69,9.0,0,0,0,False
375,542.2,0.01,14.7,EW_full,994,688,-1.0,999.0,0.0,0,0,1,False
376,255.8,0.41,14.2,NS_D,925,801,37.0,15.08,5.0,0,0,0,False
377,487.9,0.07,20.1,COMPLEX_TURN_D_TO_B,935,762,67.0,33.05,3.0,0,0,0,False
378,632.4,0.79,21.5,NS_C,674,673,28.0,13.53,0.0,0,0,0,True
379,454.4,0.67,18.3,NS_C,945,786,45.0,27.99,8.0,0,0,0,False
380,365.1,0.77,17.0,NS_C,1099,877,52.0,33.69,16.0,0,0,0,False
381,582.8,0.3,17.8,NS_D,951,675,29.0,11.52,0.0,0,0,0,True
382,443.4,0.1,16.3,NS_D,805,920,58.0,38.91,19.0,0,0,0,False
383,358.0,0.3,14.8,NS_D,1053,680,30.0,8.97,0.0,0,0,0,True
384,363.5,0.29,18.2,NS_D,840,903,55.0,37.9,19.0,0,0,0,False
385,286.8,0.34,21.1,EW_full,722,684,82.0,49.66,6.0,0,0,0,False
386,392.6,0.49,18.1,COMPLEX_TURN_D_TO_B,925,768,63.0,25.3,1.0,0,0,0,False
387,280.5,0.2,18.4,NS_D,921,971,76.0,59.09,34.0,0,0,0,False
388,283.3,0.33,21.4,NS_B,747,792,31.0,16.46,0.0,0,0,0,False
389,404.1,0.85,16.1,NS_D,617,747,36.0,16.67,2.0,0,0,0,False
390,485.9,0.86,19.7,COMPLEX_TURN_D_TO_B,861,762,61.0,26.36,0.0,0,0,0,False
391,493.0,0.54,14.8,NS_C,798,884,57.0,35.97,23.0,0,0,0,False
392,268.8,0.07,17.6,NS_B,634,719,29.0,11.32,0.0,0,0,0,True
393,447.6,0.19,18.1,COMPLEX_TURN_D_TO_B,844,866,90.0,52.3,24.0,0,0,0,False
394,517.1,0.51,14.5,EW_full,974,652,-1.0,999.0,40.0,0,0,1,False
395,295.8,0.39,21.9,COMPLEX_TURN_D_TO_B,852,908,88.0,56.84,18.0,0,0,0,False
396,606.6,0.93,22.0,NS_C,983,645,26.0,11.85,0.0,0,0,0,True
397,640.5,0.65,20.8,NS_D,1012,656,31.0,16.04,0.0,0,0,0,False
398,640.2,0.91,20.5,EW_full,961,663,-1.0,999.0,43.0,0,0,1,False
399,414.4,0.52,14.7,NS_D,850,856,49.0,27.83,14.0,0,0,0,False
400,522.2,0.8,21.4,NS_D,783,695,25.0,10.46,0.0,0,0,0,True
401,543.6,0.57,18.5,NS_B,955,727,25.0,8.18,0.0,0,0,0,True
402,569.8,0.27,21.6,EW_full,1040,940,-1.0,999.0,0.0,0,0,1,False
403,450.7,0.88,17.9,NS_D,1064,912,81.0,63.61,41.0,0,0,0,False
404,267.2,0.01,19.5,COMPLEX_TURN_D_TO_B,827,642,58.0,23.01,0.0,0,0,0,False
405,640.4,0.98,18.6,EW_full,943,603,-1.0,999.0,44.0,0,0,1,False
406,484.1,0.37,17.3,EW_full,1021,643,-1.0,999.0,38.0,0,0,1,False
407,609.3,0.09,20.9,NS_B,691,867,60.0,45.11,22.0,0,0,0,False
408,491.6,0.47,18.6,NS_C,1055,731,30.0,13.27,0.0,0,0,0,True
409,395.9,0.48,16.3,EW_full,732,605,74.0,32.13,8.0,0,0,0,False
410,577.3,0.3,21.6,NS_D,836,926,61.0,46.59,22.0,0,0,0,False
411,579.2,0.83,16.4,COMPLEX_TURN_D_TO_B,1058,701,58.0,16.39,0.0,0,0,0,False
412,276.8,0.15,21.2,COMPLEX_TURN_D_TO_B,629,621,57.0,24.81,0.0,0,0,0,False
413,511.3,0.43,16.2,NS_B,658,978,54.0,34.79,18.0,0,0,0,False
414,531.7,0.64,21.2,COMPLEX_TURN_D_TO_B,1056,750,59.0,26.81,0.0,0,0,0,False
415,636.8,0.65,16.7,NS_D,914,971,-1.0,999.0,13.0,0,0,1,False
416,420.0,0.35,16.8,NS_B,1027,895,57.0,38.48,18.0,0,0,0,False
417,253.5,0.39,17.6,COMPLEX_TURN_D_TO_B,1084,606,60.0,21.23,0.0,0,0,0,False
418,357.7,0.3,21.4,NS_C,782,672,31.0,16.46,0.0,0,0,0,False
419,551.9,0.35,19.2,NS_B,1013,666,25.0,8.79,0.0,0,0,0,True
420,470.7,0.99,16.2,NS_D,932,994,58.0,38.79,22.0,0,0,0,False
421,361.1,0.08,16.4,NS_D,971,720,30.0,11.02,0.0,0,0,0,True
422,536.3,0.51,18.1,NS_C,960,996,-1.0,999.0,14.0,0,0,1,False
423,332.5,0.28,16.1,EW_full,732,692,88.0,45.61,12.0,0,0,0,False
424,581.5,0.28,17.4,NS_B,716,901,57.0,39.11,20.0,0,0,0,False
425,383.7,0.89,14.9,NS_C,864,935,57.0,36.11,22.0,0,0,0,False
426,640.3,0.31,17.6,NS_C,861,733,33.0,15.32,0.0,0,0,0,False
427,613.9,0.41,14.4,NS_B,841,894,81.0,59.39,40.0,0,0,0,False
428,306.1,0.04,18.6,COMPLEX_TURN_D_TO_B,1032,700,64.0,27.31,2.0,0,0,0,False
429,480.8,0.62,17.3,COMPLEX_TURN_D_TO_B,935,745,59.0,19.55,0.0,0,0,0,False
430,383.9,0.37,14.4,NS_C,640,618,25.0,3.39,0.0,0,0,0,True
431,348.3,0.45,20.2,COMPLEX_TURN_D_TO_B,1018,881,85.0,51.22,18.0,0,0,0,False
432,290.0,0.6,17.2,NS_D,871,660,25.0,6.91,0.0,0,0,0,True
433,521.7,0.4,20.2,NS_D,1011,658,25.0,9.59,0.0,0,0,0,True
434,494.0,0.82,15.1,NS_C,688,835,53.0,32.39,18.0,0,0,0,False
435,312.4,0.08,14.8,EW_full,729,789,82.0,35.89,6.0,0,0,0,False
436,646.9,0.81,19.4,COMPLEX_TURN_D_TO_B,616,945,-1.0,999.0,24.0,0,0,1,False
437,466.9,0.4,17.0,NS_B,867,613,28.0,9.69,0.0,0,0,0,True
438,506.6,0.03,14.9,NS_B,1047,957,-1.0,999.0,19.0,0,0,1,False
439,474.2,0.31,21.5,NS_C,739,828,50.0,35.53,8.0,0,0,0,False
440,582.1,0.65,21.9,COMPLEX_TURN_D_TO_B,649,617,58.0,26.84,0.0,0,0,0,False
441,601.1,0.63,16.8,COMPLEX_TURN_D_TO_B,642,854,111.0,70.38,37.0,0,0,0,False
442,392.6,0.47,21.1,NS_C,874,630,28.0,13.25,0.0,0,0,0,True
443,285.1,0.8,19.4,COMPLEX_TURN_D_TO_B,983,949,90.0,54.82,23.0,0,0,0,False
444,343.2,0.16,18.9,NS_B,609,629,28.0,11.53,0.0,0,0,0,True
445,344.3,0.33,17.8,NS_D,728,797,44.0,26.52,9.0,0,0,0,False
446,488.3,0.2,20.3,COMPLEX_TURN_D_TO_B,958,838,86.0,52.38,18.0,0,0,0,False
447,586.8,0.62,15.4,NS_C,643,766,37.0,16.79,5.0,0,0,0,False
448,354.7,0.56,16.4,NS_C,655,889,58.0,39.02,22.0,0,0,0,False
449,503.1,0.5,14.3,NS_D,674,704,30.0,8.24,0.0,0,0,0,True
450,265.9,0.88,15.9,NS_D,978,618,27.0,7.43,0.0,0,0,0,True
451,444.8,0.13,18.7,NS_D,954,777,39.0,22.36,5.0,0,0,0,False
452,589.7,0.2,19.0,NS_D,1094,853,81.0,64.62,37.0,0,0,0,False
453,510.4,0.74,20.2,EW_full,1048,982,-1.0,999.0,0.0,0,0,1,False
454,468.8,0.63,18.3,COMPLEX_TURN_D_TO_B,894,790,63.0,25.71,0.0,0,0,0,False
455,499.9,0.51,16.9,NS_D,1005,677,31.0,12.59,0.0,0,0,0,True
456,497.7,0.13,18.7,COMPLEX_TURN_D_TO_B,651,684,63.0,26.51,1.0,0,0,0,False
457,517.2,0.1,19.7,COMPLEX_TURN_D_TO_B,688,892,89.0,54.36,24.0,0,0,0,False
458,520.9,0.91,18.9,NS_D,1000,616,25.0,8.53,0.0,0,0,0,True
459,287.3,0.18,15.7,NS_D,1040,616,30.0,10.18,0.0,0,0,0,True
460,251.8,0.25,15.6,NS_D,997,682,29.0,9.05,0.0,0,0,0,True
461,616.9,0.74,20.0,COMPLEX_TURN_D_TO_B,697,853,90.0,55.88,21.0,0,0,0,False
462,420.7,0.89,15.1,NS_D,764,763,29.0,8.39,0.0,0,0,0,True
463,559.3,0.86,20.4,NS_C,950,797,43.0,27.75,6.0,0,0,0,False
464,322.4,0.69,17.0,COMPLEX_TURN_D_TO_B,891,674,57.0,16.86,0.0,0,0,0,False
465,503.3,0.2,18.7,NS_D,783,845,55.0,38.36,20.0,0,0,0,False
466,369.9,0.49,14.5,NS_B,755,856,44.0,22.54,12.0,0,0,0,False
467,485.2,0.61,20.1,COMPLEX_TURN_D_TO_B,797,977,-1.0,999.0,24.0,0,0,1,False
468,536.2,0.1,21.9,COMPLEX_TURN_D_TO_B,735,628,57.0,25.84,0.0,0,0,0,False
469,530.0,0.64,17.0,COMPLEX_TURN_D_TO_B,680,694,57.0,16.86,0.0,0,0,0,False
470,491.2,0.76,21.5,NS_B,999,607,25.0,10.53,0.0,0,0,0,True
471,283.8,0.09,17.9,NS_D,656,735,25.0,7.61,0.0,0,0,0,True
472,531.0,0.99,19.4,EW_full,664,982,73.0,37.82,3.0,0,0,0,False
473,295.7,0.31,16.9,NS_B,770,807,40.0,21.59,8.0,0,0,0,False
474,273.7,0.48,18.7,NS_D,1018,750,26.0,9.36,0.0,0,0,0,True
475,624.1,0.22,21.7,NS_D,832,724,25.0,10.66,0.0,0,0,0,True
476,511.5,0.48,18.3,NS_B,839,613,26.0,8.99,0.0,0,0,0,True
477,346.5,0.32,15.9,NS_C,929,851,47.0,27.43,14.0,0,0,0,False
478,490.4,0.5,21.0,COMPLEX_TURN_D_TO_B,990,713,61.0,28.5,0.0,0,0,0,False
479,536.4,0.18,19.1,EW_full,795,959,104.0,68.27,22.0,0,0,0,False
480,409.5,0.83,21.1,NS_B,1039,984,61.0,46.25,22.0,0,0,0,False
481,263.4,0.95,18.8,NS_C,815,951,59.0,42.45,21.0,0,0,0,False
482,510.8,0.94,20.5,NS_D,962,752,33.0,17.82,0.0,0,0,0,False
483,378.6,0.32,20.4,EW_full,916,635,-1.0,999.0,53.0,0,0,1,False
484,474.7,0.28,20.1,NS_C,1057,990,-1.0,999.0,24.0,0,0,1,False
485,366.5,0.51,16.1,COMPLEX_TURN_D_TO_B,817,828,71.0,28.61,7.0,0,0,0,False
486,341.4,0.15,19.9,NS_B,918,834,40.0,24.36,7.0,0,0,0,False
487,358.9,0.72,14.6,EW_full,802,828,90.0,43.26,13.0,0,0,0,False
488,448.8,0.1,18.6,COMPLEX_TURN_D_TO_B,885,985,-1.0,999.0,43.0,0,0,1,False
489,391.9,0.79,20.0,NS_B,850,804,44.0,28.44,9.0,0,0,0,False
490,529.7,0.88,18.5,EW_full,802,999,-1.0,999.0,48.0,0,0,1,False
491,622.7,0.05,20.5,NS_C,675,762,28.0,12.82,0.0,0,0,0,True
492,571.4,0.09,14.6,NS_D,810,606,28.0,6.68,0.0,0,0,0,True
493,573.4,0.72,20.1,NS_C,645,905,78.0,62.52,39.0,0,0,0,False
494,323.8,0.03,20.5,COMPLEX_TURN_D_TO_B,1085,794,63.0,29.71,0.0,0,0,0,False
495,316.5,0.44,19.1,NS_C,997,993,58.0,41.71,20.0,0,0,0,False
496,593.3,0.43,17.7,COMPLEX_TURN_D_TO_B,837,874,107.0,68.45,35.0,0,0,0,False
497,525.5,0.15,18.3,COMPLEX_TURN_D_TO_B,601,840,76.0,38.71,7.0,0,0,0,False
498,356.3,0.8,17.5,NS_B,873,736,37.0,19.22,2.0,0,0,0,False
499,274.8,0.04,16.2,NS_C,829,978,75.0,55.79,37.0,0,0,0,False
500,488.9,0.01,15.0,EW_full,703,942,75.0,29.51,8.0,0,0,0,False
501,572.4,0.72,14.6,EW_full,720,702,85.0,38.26,7.0,0,0,0,False
502,537.2,0.96,18.1,COMPLEX_TURN_D_TO_B,714,906,88.0,50.3,21.0,0,0,0,False
503,562.5,0.69,17.1,COMPLEX_TURN_D_TO_B,928,752,59.0,19.09,0.0,0,0,0,False
504,312.1,0.71,17.4,NS_C,673,734,29.0,11.11,0.0,0,0,0,True
505,586.3,0.82,20.2,EW_full,615,824,67.0,33.22,4.0,0,0,0,False
506,370.9,0.06,21.3,COMPLEX_TURN_D_TO_B,655,608,57.0,24.96,0.0,0,0,0,False
507,463.3,0.52,18.2,COMPLEX_TURN_D_TO_B,649,974,-1.0,999.0,18.0,0,0,1,False
508,483.8,0.25,16.8,COMPLEX_TURN_D_TO_B,1039,616,57.0,16.38,0.0,0,0,0,False
509,618.0,0.15,18.9,NS_B,848,702,31.0,14.53,0.0,0,0,0,True
510,576.0,0.87,20.1,EW_full,950,858,-1.0,999.0,22.0,0,0,1,False
511,547.7,0.76,17.7,COMPLEX_TURN_D_TO_B,711,910,-1.0,999.0,19.0,0,0,1,False
512,379.5,0.63,16.8,NS_C,1037,671,27.0,8.48,0.0,0,0,0,True
513,487.8,0.67,18.4,COMPLEX_TURN_D_TO_B,924,898,84.0,46.91,20.0,0,0,0,False
514,258.2,0.52,17.4,EW_full,639,967,69.0,29.78,3.0,0,0,0,False
515,446.1,0.96,14.7,NS_C,969,603,34.0,12.83,0.0,0,0,0,True
516,520.8,0.23,20.6,NS_C,700,707,26.0,10.89,0.0,0,0,0,True
517,350.7,0.47,14.3,COMPLEX_TURN_D_TO_B,793,675,62.0,14.28,0.0,0,0,0,True
518,350.8,0.26,17.8,COMPLEX_TURN_D_TO_B,1054,624,60.0,21.66,0.0,0,0,0,False
519,628.3,0.99,15.1,EW_full,1057,648,-1.0,999.0,0.0,0,0,1,False
520,548.9,0.87,14.1,COMPLEX_TURN_D_TO_B,690,705,63.0,14.6,0.0,0,0,0,True
521,581.8,0.29,17.4,NS_B,774,915,59.0,41.11,23.0,0,0,0,False
522,422.3,0.23,14.7,NS_D,673,830,40.0,18.83,6.0,0,0,0,False
523,634.6,0.07,19.0,NS_B,1050,949,-1.0,999.0,20.0,0,0,1,False
524,419.7,0.09,16.7,COMPLEX_TURN_D_TO_B,1043,757,58.0,17.14,0.0,0,0,0,False
525,341.4,0.57,15.7,NS_B,609,606,33.0,13.18,0.0,0,0,0,True
526,560.7,0.84,16.7,NS_B,884,689,32.0,13.37,0.0,0,0,0,True
527,489.9,0.73,16.0,NS_D,830,696,28.0,8.55,0.0,0,0,0,True
528,356.1,0.96,19.7,NS_B,896,834,46.0,30.2,14.0,0,0,0,False
529,524.0,0.79,18.7,COMPLEX_TURN_D_TO_B,667,845,76.0,39.51,6.0,0,0,0,False
530,357.4,0.2,20.6,EW_full,809,815,94.0,60.87,12.0,0,0,0,False
531,311.7,0.65,17.5,NS_C,771,604,29.0,11.22,0.0,0,0,0,True
532,387.5,0.57,20.1,EW_full,1092,709,-1.0,999.0,15.0,0,0,1,False
533,528.3,0.33,16.3,NS_D,725,737,29.0,9.91,0.0,0,0,0,True
534,420.3,0.78,15.3,NS_C,1068,946,60.0,39.66,24.0,0,0,0,False
535,507.6,0.17,14.5,NS_D,996,991,-1.0,999.0,21.0,0,0,1,False
536,409.0,0.3,15.3,NS_B,896,785,40.0,19.66,7.0,0,0,0,False
537,588.9,0.66,15.8,NS_B,832,871,82.0,62.3,41.0,0,0,0,False
538,569.0,0.52,16.8,EW_full,792,763,116.0,75.38,31.0,0,0,0,False
539,629.7,0.97,19.0,EW_full,918,813,-1.0,999.0,24.0,0,0,1,False
540,646.5,0.8,16.6,NS_B,632,834,57.0,38.25,22.0,0,0,0,False
541,250.8,0.47,19.4,NS_C,632,684,31.0,14.96,0.0,0,0,0,True
542,449.5,0.02,15.7,COMPLEX_TURN_D_TO_B,686,972,-1.0,999.0,19.0,0,0,1,False
543,589.3,0.52,14.6,NS_D,642,824,52.0,30.68,18.0,0,0,0,False
544,349.2,0.06,21.9,EW_full,617,749,66.0,34.84,1.0,0,0,0,False
545,525.5,1.0,20.8,EW_full,672,741,75.0,42.19,0.0,0,0,0,False
546,602.7,0.47,20.1,COMPLEX_TURN_D_TO_B,882,822,86.0,52.05,20.0,0,0,0,False
547,465.0,0.71,17.0,NS_D,759,871,54.0,35.69,19.0,0,0,0,False
548,306.9,0.2,16.9,NS_C,751,720,36.0,17.59,2.0,0,0,0,False
549,292.5,0.43,18.8,COMPLEX_TURN_D_TO_B,798,899,87.0,50.7,20.0,0,0,0,False
550,462.2,0.08,21.6,EW_full,661,875,71.0,39.41,1.0,0,0,0,False
551,467.2,0.99,18.7,COMPLEX_TURN_D_TO_B,1083,986,-1.0,999.0,20.0,0,0,1,False
552,354.4,0.31,18.9,NS_C,995,889,57.0,40.53,20.0,0,0,0,False
553,515.7,0.35,15.9,NS_B,1041,994,-1.0,999.0,2.0,0,0,1,False
554,542.9,0.55,20.1,NS_C,866,684,30.0,14.52,0.0,0,0,0,True
555,477.9,0.54,20.6,NS_D,1053,715,25.0,9.89,0.0,0,0,0,True
556,587.2,0.07,18.4,NS_C,1006,648,29.0,12.09,0.0,0,0,0,True
557,640.8,0.7,16.2,EW_full,696,804,81.0,38.88,10.0,0,0,0,False
558,490.7,0.95,21.1,COMPLEX_TURN_D_TO_B,799,749,62.0,29.66,1.0,0,0,0,False
559,478.9,0.35,21.0,NS_B,765,782,32.0,17.18,0.0,0,0,0,False
560,618.5,0.73,17.4,NS_B,799,883,57.0,39.11,20.0,0,0,0,False
561,507.2,0.05,18.5,COMPLEX_TURN_D_TO_B,1071,794,70.0,33.11,6.0,0,0,0,False
562,498.8,0.05,20.7,NS_C,770,999,-1.0,999.0,23.0,0,0,1,False
563,463.7,0.65,14.5,NS_C,612,987,62.0,40.54,23.0,0,0,0,False
564,597.0,0.12,17.1,NS_C,766,952,-1.0,999.0,20.0,0,0,1,False
565,361.5,0.27,14.6,NS_D,808,609,28.0,6.68,0.0,0,0,0,True
566,648.0,0.91,20.5,COMPLEX_TURN_D_TO_B,729,700,62.0,28.71,0.0,0,0,0,False
567,549.0,0.28,15.3,NS_C,685,776,42.0,21.66,9.0,0,0,0,False
568,420.0,0.54,20.0,EW_full,891,992,-1.0,999.0,52.0,0,0,1,False
569,429.7,1.0,15.9,NS_C,1071,727,25.0,5.43,0.0,0,0,0,True
570,413.3,0.84,17.8,COMPLEX_TURN_D_TO_B,1012,709,59.0,20.66,0.0,0,0,0,False
571,435.1,0.3,18.7,NS_B,656,815,42.0,25.36,7.0,0,0,0,False
572,504.5,0.88,14.4,EW_full,770,861,83.0,35.61,10.0,0,0,0,False
573,493.9,0.92,14.7,NS_B,669,615,31.0,9.83,0.0,0,0,0,True
574,552.1,0.3,16.9,COMPLEX_TURN_D_TO_B,692,763,64.0,23.62,3.0,0,0,0,False
575,442.3,0.3,14.1,EW_full,868,815,-1.0,999.0,48.0,0,0,1,False
576,468.8,0.47,17.8,COMPLEX_TURN_D_TO_B,795,980,-1.0,999.0,23.0,0,0,1,False
577,415.5,0.74,18.1,COMPLEX_TURN_D_TO_B,775,877,81.0,43.3,14.0,0,0,0,False
578,390.5,0.31,15.2,EW_full,957,833,-1.0,999.0,39.0,0,0,1,False
579,384.5,0.78,19.4,EW_full,955,661,-1.0,999.0,59.0,0,0,1,False
580,558.7,0.77,21.2,NS_D,1029,980,-1.0,999.0,35.0,0,0,1,False
581,533.6,0.23,20.2,COMPLEX_TURN_D_TO_B,1013,715,57.0,23.22,0.0,0,0,0,False
582,304.9,0.56,21.2,NS_B,780,685,32.0,17.32,0.0,0,0,0,False
583,540.8,0.06,20.2,NS_C,666,782,40.0,24.59,7.0,0,0,0,False
584,360.2,0.86,14.8,COMPLEX_TURN_D_TO_B,886,739,62.0,15.89,0.0,0,0,0,False
585,472.7,0.26,19.5,EW_full,958,881,-1.0,999.0,38.0,0,0,1,False
586,347.4,0.99,16.4,NS_B,1079,777,35.0,16.02,3.0,0,0,0,False
587,630.1,0.14,21.2,COMPLEX_TURN_D_TO_B,1012,701,60.0,27.81,0.0,0,0,0,False
588,575.5,0.53,19.2,COMPLEX_TURN_D_TO_B,780,777,61.0,25.46,0.0,0,0,0,False
589,503.8,0.12,17.3,NS_C,763,790,39.0,21.01,7.0,0,0,0,False
590,583.0,0.89,16.7,NS_B,1070,920,60.0,41.37,21.0,0,0,0,False
591,530.2,0.51,17.4,COMPLEX_TURN_D_TO_B,1038,898,-1.0,999.0,19.0,0,0,1,False
592,583.1,0.84,16.0,COMPLEX_TURN_D_TO_B,996,740,60.0,17.35,0.0,0,0,0,False
593,328.7,0.91,15.1,NS_D,746,716,25.0,4.39,0.0,0,0,0,True
594,363.0,0.09,16.1,NS_C,943,640,30.0,10.67,0.0,0,0,0,True
595,372.5,0.06,18.4,COMPLEX_TURN_D_TO_B,686,899,81.0,43.91,16.0,0,0,0,False
596,497.4,0.45,19.4,COMPLEX_TURN_D_TO_B,619,756,68.0,32.82,5.0,0,0,0,False
597,325.0,0.93,18.4,EW_full,929,811,-1.0,999.0,43.0,0,0,1,False
598,501.1,0.21,17.0,NS_D,764,765,39.0,20.69,8.0,0,0,0,False
599,263.3,0.2,16.3,NS_D,755,637,29.0,9.91,0.0,0,0,0,True
600,579.1,0.99,16.8,NS_D,1044,953,-1.0,999.0,32.0,0,0,1,False
601,260.0,0.81,19.7,COMPLEX_TURN_D_TO_B,1028,878,80.0,45.36,15.0,0,0,0,False
602,514.5,0.78,18.4,NS_D,1082,771,34.0,17.09,1.0,0,0,0,False
603,528.9,0.36,19.7,NS_C,605,853,57.0,41.2,18.0,0,0,0,False
604,586.7,0.66,19.1,NS_B,744,944,-1.0,999.0,37.0,0,0,1,False
605,418.3,0.78,15.0,NS_B,830,889,74.0,53.25,32.0,0,0,0,False
606,335.3,0.27,17.0,EW_full,632,887,61.0,20.86,0.0,0,0,0,False
607,411.0,0.37,19.0,NS_B,1082,747,39.0,22.62,6.0,0,0,0,False
608,527.8,0.06,19.2,EW_full,957,740,-1.0,999.0,21.0,0,0,1,False
609,592.4,0.4,18.3,EW_full,1054,750,-1.0,999.0,0.0,0,0,1,False
610,381.3,0.39,18.6,NS_D,1094,764,30.0,13.27,0.0,0,0,0,True
611,565.0,0.65,21.0,NS_D,727,686,25.0,10.18,0.0,0,0,0,True
612,423.2,0.79,18.9,COMPLEX_TURN_D_TO_B,835,814,64.0,27.89,0.0,0,0,0,False
613,499.7,0.54,20.3,NS_C,1080,899,58.0,42.67,20.0,0,0,0,False
614,433.4,0.49,19.4,EW_full,1006,719,-1.0,999.0,48.0,0,0,1,False
615,541.6,0.03,15.3,NS_B,863,623,30.0,9.66,0.0,0,0,0,True
616,438.6,0.04,21.9,EW_full,825,768,125.0,93.84,31.0,0,0,0,False
617,316.5,0.86,18.6,EW_full,849,847,118.0,81.31,35.0,0,0,0,False
618,353.9,0.85,15.7,EW_full,1084,949,-1.0,999.0,22.0,0,0,1,False
619,308.0,0.51,17.7,EW_full,944,928,-1.0,999.0,42.0,0,0,1,False
620,625.3,0.85,20.5,NS_B,658,827,62.0,46.82,21.0,0,0,0,False
621,253.4,0.27,14.5,NS_D,1010,897,55.0,33.54,17.0,0,0,0,False
622,520.8,0.33,19.4,EW_full,946,695,-1.0,999.0,54.0,0,0,1,False
623,602.6,0.23,14.5,EW_full,1022,812,-1.0,999.0,0.0,0,0,1,False
624,497.5,0.99,18.7,NS_C,1045,911,56.0,39.36,17.0,0,0,0,False
625,389.0,0.37,16.4,COMPLEX_TURN_D_TO_B,1051,818,73.0,31.39,10.0,0,0,0,False
626,304.0,0.4,16.6,NS_B,1012,644,29.0,10.25,0.0,0,0,0,True
627,360.7,0.72,21.9,NS_B,996,719,33.0,18.79,1.0,0,0,0,False
628,537.1,0.86,15.5,NS_B,747,798,49.0,28.92,14.0,0,0,0,False
629,515.3,0.99,16.1,EW_full,900,678,-1.0,999.0,56.0,0,0,1,False
630,290.7,0.91,14.2,NS_D,1071,885,49.0,27.08,7.0,0,0,0,False
631,636.9,0.12,17.1,NS_D,719,679,30.0,11.8,0.0,0,0,0,True
632,583.8,0.33,15.1,EW_full,638,691,77.0,31.81,9.0,0,0,0,False
633,537.3,0.78,18.6,EW_full,603,976,67.0,30.31,0.0,0,0,0,False
634,260.6,0.74,17.7,EW_full,732,914,81.0,42.45,14.0,0,0,0,False
635,636.6,0.91,15.2,COMPLEX_TURN_D_TO_B,833,723,61.0,16.11,0.0,0,0,0,False
636,513.6,0.31,21.5,COMPLEX_TURN_D_TO_B,1046,602,57.0,25.26,0.0,0,0,0,False
637,297.4,0.56,16.3,NS_B,1023,798,40.0,20.91,7.0,0,0,0,False
638,561.3,0.51,18.3,NS_C,1052,635,25.0,7.99,0.0,0,0,0,True
639,535.9,0.81,14.4,NS_D,1000,670,30.0,8.39,0.0,0,0,0,True
640,437.7,0.48,16.3,NS_B,1006,601,26.0,6.91,0.0,0,0,0,True
641,463.5,0.13,21.0,NS_B,675,826,44.0,29.18,12.0,0,0,0,False
642,289.3,0.73,18.3,NS_C,778,661,31.0,13.99,0.0,0,0,0,True
643,533.3,0.19,14.5,NS_C,636,987,-1.0,999.0,17.0,0,0,1,False
644,277.7,0.61,21.8,NS_C,782,952,50.0,35.72,14.0,0,0,0,False
645,480.2,0.59,16.3,NS_C,857,635,26.0,6.91,0.0,0,0,0,True
646,579.8,0.99,20.0,NS_C,781,972,-1.0,999.0,13.0,0,0,1,False
647,299.3,0.99,14.9,NS_C,756,912,59.0,38.11,20.0,0,0,0,False
648,507.8,0.33,15.9,NS_D,888,602,25.0,5.43,0.0,0,0,0,True
649,413.0,0.38,20.7,EW_full,1077,849,-1.0,999.0,8.0,0,0,1,False
650,430.2,0.06,14.5,NS_B,709,901,60.0,38.54,22.0,0,0,0,False
651,576.9,0.07,16.1,COMPLEX_TURN_D_TO_B,882,764,61.0,18.61,0.0,0,0,0,False
652,390.2,0.02,18.2,NS_B,615,951,79.0,61.9,38.0,0,0,0,False
653,503.7,0.02,19.8,NS_B,850,854,57.0,41.28,24.0,0,0,0,False
654,356.9,0.77,15.9,NS_C,1054,611,32.0,12.43,0.0,0,0,0,True
655,405.8,0.24,21.4,COMPLEX_TURN_D_TO_B,1033,714,65.0,33.11,4.0,0,0,0,False
656,285.9,0.53,16.6,EW_full,969,926,-1.0,999.0,60.0,0,0,1,False
657,250.1,0.7,14.3,EW_full,663,683,72.0,24.28,5.0,0,0,0,False
658,471.0,0.09,15.4,NS_C,682,773,30.0,9.79,0.0,0,0,0,True
659,309.1,0.94,21.2,NS_D,685,718,31.0,16.32,0.0,0,0,0,False
660,266.4,0.84,18.3,NS_D,604,780,35.0,17.99,4.0,0,0,0,False
661,620.0,0.27,18.0,COMPLEX_TURN_D_TO_B,692,744,57.0,19.09,0.0,0,0,0,False
662,640.6,0.21,17.7,COMPLEX_TURN_D_TO_B,967,857,111.0,72.45,41.0,0,0,0,False
663,559.0,0.27,14.4,NS_D,1047,743,30.0,8.39,0.0,0,0,0,True
664,336.7,0.12,17.9,COMPLEX_TURN_D_TO_B,1054,879,89.0,50.88,17.0,0,0,0,False
665,569.2,0.18,15.2,EW_full,739,922,87.0,42.11,8.0,0,0,0,False
666,573.3,0.86,21.1,EW_full,614,747,70.0,37.66,0.0,0,0,0,False
667,284.7,0.15,17.3,EW_full,732,950,87.0,47.55,8.0,0,0,0,False
668,572.7,0.89,18.3,NS_B,1100,623,29.0,11.99,0.0,0,0,0,True
669,512.8,0.92,16.8,EW_full,1013,891,-1.0,999.0,10.0,0,0,1,False
670,292.9,0.04,19.8,COMPLEX_TURN_D_TO_B,632,978,88.0,53.54,21.0,0,0,0,False
671,398.7,0.41,16.6,NS_D,762,958,58.0,39.25,20.0,0,0,0,False
672,409.0,0.4,17.6,EW_full,607,752,70.0,31.23,5.0,0,0,0,False
673,357.5,0.08,20.3,NS_B,665,804,45.0,29.67,12.0,0,0,0,False
674,350.8,0.84,21.6,EW_full,666,881,68.0,36.41,5.0,0,0,0,False
675,420.2,0.21,15.2,NS_B,1037,690,36.0,15.53,4.0,0,0,0,False
676,599.7,0.84,18.1,EW_full,993,923,-1.0,999.0,0.0,0,0,1,False
677,360.6,0.58,14.2,NS_C,857,958,60.0,38.08,22.0,0,0,0,False
678,380.5,0.18,17.6,NS_C,640,600,25.0,7.32,0.0,0,0,0,True
679,502.8,0.92,15.0,COMPLEX_TURN_D_TO_B,978,962,-1.0,999.0,16.0,0,0,1,False
680,426.5,0.43,14.0,EW_full,1013,810,-1.0,999.0,20.0,0,0,1,False
681,565.2,0.1,14.1,COMPLEX_TURN_D_TO_B,747,998,-1.0,999.0,1.0,0,0,1,False
682,370.5,0.91,20.9,NS_C,1067,703,26.0,11.11,0.0,0,0,0,True
683,464.8,0.44,20.5,EW_full,732,893,77.0,43.71,0.0,0,0,0,False
684,436.0,0.4,18.4,COMPLEX_TURN_D_TO_B,997,658,57.0,19.91,0.0,0,0,0,False
685,283.9,0.32,15.4,EW_full,786,834,95.0,50.69,19.0,0,0,0,False
686,340.9,0.5,18.4,COMPLEX_TURN_D_TO_B,785,651,57.0,19.91,0.0,0,0,0,False
687,550.5,0.56,16.3,NS_B,619,724,33.0,13.91,0.0,0,0,0,True
688,619.9,0.03,18.5,NS_D,699,879,57.0,40.18,21.0,0,0,0,False
689,370.7,0.74,15.2,COMPLEX_TURN_D_TO_B,706,784,61.0,16.11,0.0,0,0,0,False
690,355.2,0.42,18.6,NS_B,680,819,50.0,33.27,15.0,0,0,0,False
691,354.2,0.18,17.6,NS_C,845,944,59.0,41.32,23.0,0,0,0,False
692,334.4,0.82,15.9,NS_D,738,971,58.0,38.43,23.0,0,0,0,False
693,494.8,0.03,14.0,NS_B,916,980,-1.0,999.0,41.0,0,0,1,False
694,281.8,0.34,16.5,NS_C,1007,864,35.0,16.14,1.0,0,0,0,False
695,439.9,0.51,21.2,COMPLEX_TURN_D_TO_B,711,666,59.0,26.81,0.0,0,0,0,False
696,400.4,0.95,15.0,NS_B,883,611,30.0,9.25,0.0,0,0,0,True
697,602.2,0.21,21.1,EW_full,1035,820,-1.0,999.0,0.0,0,0,1,False
698,436.0,0.56,15.8,NS_B,1020,998,60.0,40.3,23.0,0,0,0,False
699,308.2,0.4,18.8,COMPLEX_TURN_D_TO_B,845,859,82.0,45.7,18.0,0,0,0,False
700,592.6,0.48,14.6,EW_full,785,930,106.0,59.26,11.0,0,0,0,False
701,585.1,1.0,19.7,NS_D,1085,637,29.0,13.2,0.0,0,0,0,True
702,545.5,0.77,19.8,EW_full,716,762,87.0,52.54,9.0,0,0,0,False
703,530.4,0.71,15.7,NS_C,758,637,26.0,6.18,0.0,0,0,0,True
704,440.2,0.4,17.9,NS_D,1022,820,47.0,29.61,12.0,0,0,0,False
705,579.4,0.42,20.3,EW_full,980,601,-1.0,999.0,37.0,0,0,1,False
706,295.9,0.24,15.3,COMPLEX_TURN_D_TO_B,876,659,58.0,13.4,0.0,0,0,0,True
707,646.8,0.09,16.4,NS_D,883,846,59.0,40.02,22.0,0,0,0,False
708,330.3,0.46,21.6,NS_D,654,728,26.0,11.59,0.0,0,0,0,True
709,430.7,0.44,14.5,EW_full,938,941,-1.0,999.0,35.0,0,0,1,False
710,385.9,0.94,15.0,COMPLEX_TURN_D_TO_B,957,974,91.0,45.51,22.0,0,0,0,False
711,261.6,0.58,19.9,NS_C,886,861,48.0,32.36,14.0,0,0,0,False
712,593.3,0.4,17.6,EW_full,1021,806,-1.0,999.0,0.0,0,0,1,False
713,492.2,0.77,14.2,NS_B,758,997,-1.0,999.0,36.0,0,0,1,False
714,490.2,0.74,18.1,EW_full,724,810,74.0,36.3,9.0,0,0,0,False
715,542.5,0.7,14.4,EW_full,801,705,125.0,77.61,26.0,0,0,0,False
716,366.3,0.75,20.8,NS_C,1095,689,34.0,19.04,0.0,0,0,0,False
717,378.6,0.91,21.2,NS_C,884,688,25.0,10.32,0.0,0,0,0,True
718,626.0,0.16,15.4,NS_C,602,965,-1.0,999.0,20.0,0,0,1,False
719,482.4,0.01,14.9,EW_full,825,881,124.0,78.2,31.0,0,0,0,False
720,604.7,0.24,18.5,NS_B,778,792,41.0,24.18,8.0,0,0,0,False
721,360.4,0.56,18.0,NS_C,1094,931,78.0,60.71,35.0,0,0,0,False
722,527.6,0.87,14.9,NS_B,627,607,25.0,4.11,0.0,0,0,0,True
723,527.4,0.37,14.6,NS_D,801,648,25.0,3.68,0.0,0,0,0,True
724,545.2,0.39,21.0,NS_C,982,776,40.0,25.18,8.0,0,0,0,False
725,378.6,0.14,19.0,NS_B,822,938,60.0,43.62,25.0,0,0,0,False
726,563.2,0.9,16.7,NS_B,852,827,45.0,26.37,13.0,0,0,0,False
727,473.8,0.8,19.0,NS_C,866,660,27.0,10.62,0.0,0,0,0,True
728,329.4,0.56,21.8,COMPLEX_TURN_D_TO_B,877,735,58.0,26.7,0.0,0,0,0,False
729,303.0,0.13,14.0,NS_C,611,677,31.0,8.77,1.0,0,0,0,True
730,450.0,0.12,20.1,COMPLEX_TURN_D_TO_B,964,643,63.0,29.05,2.0,0,0,0,False
731,311.1,0.75,20.5,NS_D,800,618,31.0,15.82,0.0,0,0,0,False
732,411.4,0.98,14.2,EW_full,1034,783,-1.0,999.0,15.0,0,0,1,False
733,577.2,0.34,20.1,NS_C,790,639,25.0,9.52,0.0,0,0,0,True
734,424.8,0.47,18.4,NS_D,776,930,61.0,44.09,23.0,0,0,0,False
735,322.4,0.02,16.4,NS_B,611,927,77.0,58.02,38.0,0,0,0,False
736,430.6,0.54,21.0,NS_D,802,984,58.0,43.18,21.0,0,0,0,False
737,307.2,0.95,14.1,NS_C,895,890,53.0,30.93,21.0,0,0,0,False
738,284.5,0.07,16.7,NS_D,865,929,65.0,46.37,26.0,0,0,0,False
739,273.1,0.97,14.9,NS_D,701,847,41.0,20.11,8.0,0,0,0,False
740,282.0,0.75,16.2,COMPLEX_TURN_D_TO_B,959,950,98.0,55.88,27.0,0,0,0,False
741,342.2,0.15,17.7,NS_B,619,887,62.0,44.42,19.0,0,0,0,False
742,278.9,0.38,19.3,NS_C,708,715,25.0,8.88,0.0,0,0,0,True
743,528.9,0.97,19.9,NS_D,888,821,49.0,33.36,4.0,0,0,0,False
744,325.9,0.53,18.0,COMPLEX_TURN_D_TO_B,972,958,89.0,51.09,21.0,0,0,0,False
745,621.7,0.72,17.1,NS_D,613,910,57.0,38.8,22.0,0,0,0,False
746,394.7,0.98,15.1,NS_D,774,996,62.0,41.39,23.0,0,0,0,False
747,455.9,0.28,15.1,NS_B,622,725,30.0,9.39,0.0,0,0,0,True
748,442.6,0.67,21.2,NS_D,758,824,45.0,30.32,12.0,0,0,0,False
749,622.3,0.72,18.1,NS_B,793,730,30.0,12.81,0.0,0,0,0,True
750,638.4,0.74,16.4,NS_C,885,752,40.0,21.02,5.0,0,0,0,False
751,490.2,0.28,14.5,NS_B,868,732,29.0,7.54,0.0,0,0,0,True
752,263.6,0.14,20.7,COMPLEX_TURN_D_TO_B,1026,729,61.0,28.03,0.0,0,0,0,False
753,603.2,0.35,20.0,NS_C,816,813,47.0,31.44,14.0,0,0,0,False
754,474.0,0.35,16.3,NS_B,908,905,58.0,38.91,23.0,0,0,0,False
755,365.7,0.52,21.3,EW_full,1011,695,-1.0,999.0,42.0,0,0,1,False
756,637.5,0.18,14.1,NS_D,1067,790,46.0,23.93,14.0,0,0,0,False
757,272.7,0.49,16.0,NS_B,1093,771,35.0,15.55,0.0,0,0,0,False
758,476.2,0.59,21.0,NS_D,663,660,28.0,13.18,0.0,0,0,0,True
759,346.2,0.52,18.6,COMPLEX_TURN_D_TO_B,1001,907,89.0,52.31,19.0,0,0,0,False
760,482.8,0.04,20.5,COMPLEX_TURN_D_TO_B,980,893,90.0,56.71,23.0,0,0,0,False
761,351.5,0.23,19.6,COMPLEX_TURN_D_TO_B,851,702,62.0,27.18,0.0,0,0,0,False
762,634.5,0.42,21.0,NS_D,1041,995,-1.0,999.0,0.0,0,0,1,False
763,452.2,0.8,21.9,EW_full,652,857,67.0,35.84,3.0,0,0,0,False
764,374.8,0.33,18.1,COMPLEX_TURN_D_TO_B,769,664,57.0,19.3,0.0,0,0,0,False
765,418.0,0.37,15.5,NS_D,1097,642,25.0,4.92,0.0,0,0,0,True
766,279.1,0.24,17.3,NS_B,834,713,25.0,7.01,0.0,0,0,0,True
767,273.5,0.36,15.9,NS_B,910,698,25.0,5.43,0.0,0,0,0,True
768,528.8,0.44,14.8,NS_C,948,837,59.0,37.97,19.0,0,0,0,False
769,564.5,0.81,17.9,NS_B,660,605,25.0,7.61,0.0,0,0,0,True
770,343.7,0.15,14.4,NS_D,812,638,28.0,6.39,0.0,0,0,0,True
771,303.3,0.38,21.1,EW_full,768,925,90.0,57.66,19.0,0,0,0,False
772,433.6,0.6,18.2,COMPLEX_TURN_D_TO_B,1015,988,-1.0,999.0,23.0,0,0,1,False
773,626.4,0.75,19.5,NS_B,620,893,52.0,36.04,15.0,0,0,0,False
774,592.6,0.07,17.8,EW_full,621,887,71.0,32.66,7.0,0,0,0,False
775,335.4,0.25,16.5,EW_full,885,691,124.0,82.64,34.0,0,0,0,False
776,398.7,0.26,21.7,NS_C,845,816,45.0,30.66,9.0,0,0,0,False
777,258.2,0.06,15.8,NS_D,801,931,58.0,38.3,22.0,0,0,0,False
778,364.2,0.08,19.5,NS_C,749,993,59.0,43.04,21.0,0,0,0,False
779,392.1,0.33,17.8,COMPLEX_TURN_D_TO_B,917,981,-1.0,999.0,20.0,0,0,1,False
780,485.0,0.81,17.4,NS_B,735,800,41.0,23.11,8.0,0,0,0,False
781,610.8,0.61,21.7,EW_full,726,651,83.0,51.55,0.0,0,0,0,False
782,530.6,0.93,21.0,NS_B,691,889,57.0,42.18,21.0,0,0,0,False
783,520.0,0.85,21.0,NS_D,938,845,47.0,32.18,14.0,0,0,0,False
784,327.0,0.16,17.4,NS_C,856,691,28.0,10.11,0.0,0,0,0,True
785,385.9,0.02,17.4,NS_C,966,726,26.0,8.11,0.0,0,0,0,True
786,417.5,0.02,14.9,NS_D,881,954,59.0,38.11,22.0,0,0,0,False
787,265.5,0.98,18.2,NS_C,973,734,32.0,14.9,0.0,0,0,0,True
788,354.2,0.89,16.3,NS_D,937,856,52.0,32.91,18.0,0,0,0,False
789,422.5,0.37,19.6,NS_B,855,780,31.0,15.12,0.0,0,0,0,False
790,460.6,0.56,17.0,COMPLEX_TURN_D_TO_B,930,817,75.0,34.86,11.0,0,0,0,False
791,385.0,1.0,17.6,NS_B,1087,611,26.0,8.32,0.0,0,0,0,True
792,531.1,0.41,18.6,COMPLEX_TURN_D_TO_B,1040,903,-1.0,999.0,16.0,0,0,1,False
793,337.5,0.12,17.9,COMPLEX_TURN_D_TO_B,815,862,75.0,36.88,4.0,0,0,0,False
794,333.7,0.55,21.0,NS_B,827,824,40.0,25.18,1.0,0,0,0,False
795,282.6,0.56,16.9,NS_C,901,835,32.0,13.59,0.0,0,0,0,True
796,557.0,0.52,17.8,NS_D,1032,806,47.0,29.52,12.0,0,0,0,False
797,574.1,0.3,18.2,NS_B,917,629,30.0,12.9,0.0,0,0,0,True
798,621.0,0.03,21.6,NS_D,792,912,-1.0,999.0,23.0,0,0,1,False
799,629.9,0.76,16.4,NS_C,855,683,29.0,10.02,0.0,0,0,0,True
800,274.5,0.53,18.6,COMPLEX_TURN_D_TO_B,734,961,81.0,44.31,18.0,0,0,0,False
801,545.6,0.83,17.4,NS_B,694,781,42.0,24.11,9.0,0,0,0,False
802,380.1,0.9,14.2,COMPLEX_TURN_D_TO_B,694,868,76.0,27.94,7.0,0,0,0,False
803,539.4,0.05,20.9,NS_D,1031,776,40.0,25.11,6.0,0,0,0,False
804,548.5,0.37,18.3,NS_B,931,606,27.0,9.99,0.0,0,0,0,True
805,639.3,0.93,20.9,NS_B,732,912,61.0,46.11,23.0,0,0,0,False
806,389.8,0.94,14.8,EW_full,1073,748,-1.0,999.0,22.0,0,0,1,False
807,269.4,0.97,19.7,COMPLEX_TURN_D_TO_B,625,923,81.0,46.36,19.0,0,0,0,False
808,344.9,0.89,15.7,NS_B,728,972,58.0,38.18,22.0,0,0,0,False
809,556.5,0.61,18.6,NS_D,860,673,29.0,12.27,0.0,0,0,0,True
810,518.1,0.83,17.6,NS_D,1041,640,26.0,8.32,0.0,0,0,0,True
811,405.2,0.4,16.0,COMPLEX_TURN_D_TO_B,948,818,78.0,35.35,15.0,0,0,0,False
812,415.8,0.31,19.1,COMPLEX_TURN_D_TO_B,754,626,58.0,22.27,0.0,0,0,0,False
813,253.5,0.17,15.8,COMPLEX_TURN_D_TO_B,867,850,73.0,29.81,11.0,0,0,0,False
814,491.6,0.98,15.2,COMPLEX_TURN_D_TO_B,762,729,62.0,17.11,0.0,0,0,0,False
815,608.8,0.03,14.3,EW_full,1036,745,-1.0,999.0,0.0,0,0,1,False
816,445.1,0.16,15.0,NS_C,1021,630,28.0,7.25,0.0,0,0,0,True
817,500.2,0.39,16.8,NS_C,1074,612,35.0,16.48,0.0,0,0,0,False
818,251.8,0.96,15.3,COMPLEX_TURN_D_TO_B,875,638,59.0,14.4,0.0,0,0,0,True
819,330.4,0.6,14.4,EW_full,1045,679,-1.0,999.0,27.0,0,0,1,False
820,312.5,0.16,16.8,EW_full,770,932,86.0,45.38,12.0,0,0,0,False
821,618.3,0.86,20.0,NS_C,890,792,33.0,17.44,0.0,0,0,0,False
822,311.1,0.52,15.6,NS_B,948,630,30.0,10.05,0.0,0,0,0,True
823,634.7,0.67,15.1,NS_D,743,852,80.0,59.39,37.0,0,0,0,False
824,537.9,0.7,20.3,NS_B,985,645,25.0,9.67,0.0,0,0,0,True
825,595.4,0.49,15.3,NS_C,676,765,38.0,17.66,8.0,0,0,0,False
826,423.6,0.62,15.2,NS_D,706,870,50.0,29.53,12.0,0,0,0,False
827,320.6,0.47,15.4,NS_C,615,768,31.0,10.79,0.0,0,0,0,True
828,546.9,0.38,15.1,NS_B,1005,649,27.0,6.39,0.0,0,0,0,True
829,448.3,0.64,16.9,NS_D,975,638,31.0,12.59,0.0,0,0,0,True
830,282.3,0.94,22.0,NS_B,741,760,25.0,10.85,0.0,0,0,0,True
831,601.5,0.47,21.4,NS_D,632,806,49.0,34.46,17.0,0,0,0,False
832,555.9,0.59,18.9,EW_full,768,1000,85.0,48.89,7.0,0,0,0,False
833,561.9,0.04,20.8,NS_C,832,977,-1.0,999.0,21.0,0,0,1,False
834,619.3,0.37,15.4,NS_D,1012,723,32.0,11.79,0.0,0,0,0,True
835,309.2,0.35,20.9,NS_D,957,736,35.0,20.11,0.0,0,0,0,False
836,608.1,0.02,16.6,NS_B,721,991,-1.0,999.0,0.0,0,0,1,False
837,410.3,0.32,14.9,NS_D,618,700,29.0,8.11,0.0,0,0,0,True
838,306.5,0.86,17.3,NS_C,649,757,36.0,18.01,4.0,0,0,0,False
839,609.9,0.44,20.1,EW_full,646,954,67.0,33.05,0.0,0,0,0,False
840,308.6,0.42,15.8,NS_D,848,945,56.0,36.3,23.0,0,0,0,False
841,523.1,0.75,14.4,NS_D,741,858,57.0,35.39,18.0,0,0,0,False
842,630.6,0.16,17.3,NS_D,756,654,27.0,9.01,0.0,0,0,0,True
843,304.4,0.1,16.6,NS_D,788,908,57.0,38.25,20.0,0,0,0,False
844,313.6,0.23,14.6,EW_full,939,647,-1.0,999.0,40.0,0,0,1,False
845,271.1,0.39,21.1,NS_D,732,828,38.0,23.25,6.0,0,0,0,False
846,558.7,0.02,14.8,NS_C,633,950,-1.0,999.0,24.0,0,0,1,False
847,410.2,0.89,21.7,NS_B,744,709,31.0,16.66,0.0,0,0,0,False
848,318.7,0.73,20.9,NS_C,645,930,62.0,47.11,20.0,0,0,0,False
849,448.8,0.13,16.0,NS_B,690,945,59.0,39.55,21.0,0,0,0,False
850,396.7,0.2,15.3,EW_full,933,960,-1.0,999.0,37.0,0,0,1,False
851,469.5,0.76,18.5,NS_B,600,727,25.0,8.18,0.0,0,0,0,True
852,321.8,0.14,21.8,COMPLEX_TURN_D_TO_B,945,771,59.0,27.7,0.0,0,0,0,False
853,543.6,0.06,16.7,NS_C,1037,831,57.0,38.37,19.0,0,0,0,False
854,339.7,0.51,17.5,EW_full,919,987,-1.0,999.0,61.0,0,0,1,False
855,331.8,0.59,19.9,COMPLEX_TURN_D_TO_B,654,734,58.0,23.71,0.0,0,0,0,False
856,594.6,0.74,17.8,NS_D,878,691,34.0,16.52,1.0,0,0,0,False
857,367.0,0.29,18.5,NS_C,678,854,48.0,31.18,12.0,0,0,0,False
858,325.8,0.99,18.9,NS_D,650,740,25.0,8.53,0.0,0,0,0,True
859,293.2,0.04,18.1,NS_C,887,873,49.0,31.81,9.0,0,0,0,False
860,623.4,0.47,16.5,NS_C,899,807,42.0,23.14,0.0,0,0,0,False
861,257.5,0.6,18.4,NS_D,804,913,55.0,38.09,19.0,0,0,0,False
862,557.3,0.91,14.4,NS_B,977,702,33.0,11.39,1.0,0,0,0,True
863,330.7,0.94,20.5,COMPLEX_TURN_D_TO_B,921,924,80.0,46.71,14.0,0,0,0,False
864,643.4,0.8,16.4,NS_D,679,754,38.0,19.02,7.0,0,0,0,False
865,421.1,0.06,20.2,NS_B,1018,970,75.0,59.59,33.0,0,0,0,False
866,398.1,0.97,18.4,COMPLEX_TURN_D_TO_B,1057,865,83.0,45.91,16.0,0,0,0,False
867,601.9,0.01,19.4,NS_C,1099,839,80.0,63.96,40.0,0,0,0,False
868,471.5,0.64,17.7,NS_C,895,896,61.0,43.42,20.0,0,0,0,False
869,450.4,0.34,19.9,NS_C,1021,894,80.0,64.36,41.0,0,0,0,False
870,303.4,0.63,16.2,NS_D,1029,641,32.0,12.79,0.0,0,0,0,True
871,526.7,0.37,14.4,COMPLEX_TURN_D_TO_B,1051,607,57.0,9.61,0.0,0,0,0,True
872,269.5,0.36,16.0,EW_full,721,738,78.0,35.35,8.0,0,0,0,False
873,354.3,0.6,15.2,NS_B,1044,753,35.0,14.53,2.0,0,0,0,True
874,313.8,0.78,16.5,NS_B,686,813,41.0,22.14,6.0,0,0,0,False
875,523.5,0.49,14.9,NS_B,971,782,30.0,9.11,0.0,0,0,0,True
876,626.8,0.94,19.9,COMPLEX_TURN_D_TO_B,657,706,57.0,22.71,0.0,0,0,0,False
877,604.7,0.38,20.7,NS_D,1081,776,40.0,24.97,5.0,0,0,0,False
878,417.7,0.62,16.0,NS_B,623,609,25.0,5.55,0.0,0,0,0,True
879,516.7,0.69,15.3,EW_full,1055,602,-1.0,999.0,20.0,0,0,1,False
880,260.0,0.56,19.0,NS_B,954,624,31.0,14.62,1.0,0,0,0,True
881,525.5,0.3,19.7,NS_D,945,748,26.0,10.2,0.0,0,0,0,True
882,457.5,0.86,20.5,COMPLEX_TURN_D_TO_B,828,856,86.0,52.71,20.0,0,0,0,False
883,250.9,0.84,21.2,COMPLEX_TURN_D_TO_B,807,763,62.0,29.81,0.0,0,0,0,False
884,321.6,0.48,16.8,NS_C,856,602,25.0,6.48,0.0,0,0,0,True
885,604.4,0.88,16.1,NS_B,994,783,42.0,22.67,7.0,0,0,0,False
886,419.9,0.6,15.0,NS_C,650,729,25.0,4.25,0.0,0,0,0,True
887,313.5,0.16,17.1,COMPLEX_TURN_D_TO_B,629,997,85.0,45.09,20.0,0,0,0,False
888,310.5,0.15,18.9,COMPLEX_TURN_D_TO_B,696,946,89.0,52.89,24.0,0,0,0,False
889,260.2,0.36,15.0,COMPLEX_TURN_D_TO_B,1023,989,89.0,43.51,23.0,0,0,0,False
890,295.3,0.74,16.3,NS_D,728,637,29.0,9.91,0.0,0,0,0,True
891,498.5,0.73,14.0,EW_full,692,769,75.0,26.26,7.0,0,0,0,False
892,310.0,0.51,17.2,NS_C,958,774,40.0,21.91,6.0,0,0,0,False
893,523.3,0.0,17.8,NS_D,777,763,29.0,11.52,0.0,0,0,0,True
894,610.2,0.8,20.6,NS_C,691,689,28.0,12.89,0.0,0,0,0,True
895,614.4,0.75,15.3,NS_D,992,729,26.0,5.66,0.0,0,0,0,True
896,336.9,0.83,21.7,NS_B,832,649,25.0,10.66,0.0,0,0,0,True
897,338.4,0.14,21.1,NS_D,713,977,56.0,41.25,19.0,0,0,0,False
898,559.4,0.98,15.2,NS_B,894,639,33.0,12.53,2.0,0,0,0,True
899,409.7,0.81,18.3,EW_full,946,915,-1.0,999.0,37.0,0,0,1,False
900,550.7,0.66,19.4,NS_D,907,875,79.0,62.96,38.0,0,0,0,False
901,638.1,0.14,15.6,NS_C,712,929,-1.0,999.0,21.0,0,0,1,False
902,578.8,0.93,14.9,NS_C,1082,967,-1.0,999.0,15.0,0,0,1,False
903,630.9,0.22,21.5,COMPLEX_TURN_D_TO_B,623,691,58.0,26.26,0.0,0,0,0,False
904,594.3,0.13,16.1,NS_B,820,868,57.0,37.67,17.0,0,0,0,False
905,625.0,0.16,21.1,NS_B,768,687,26.0,11.25,0.0,0,0,0,True
906,599.8,0.27,18.6,COMPLEX_TURN_D_TO_B,896,843,88.0,51.31,22.0,0,0,0,False
907,398.7,0.51,20.5,COMPLEX_TURN_D_TO_B,952,967,-1.0,999.0,20.0,0,0,1,False
908,350.9,0.22,14.7,NS_B,636,813,45.0,23.83,11.0,0,0,0,False
909,350.5,0.77,15.1,NS_C,737,841,47.0,26.39,14.0,0,0,0,False
910,438.8,0.07,14.8,COMPLEX_TURN_D_TO_B,650,971,-1.0,999.0,22.0,0,0,1,False
911,377.8,0.11,20.7,COMPLEX_TURN_D_TO_B,855,828,65.0,32.03,3.0,0,0,0,False
912,351.2,0.76,16.5,NS_B,609,855,53.0,34.14,18.0,0,0,0,False
913,539.3,0.74,14.4,COMPLEX_TURN_D_TO_B,879,627,60.0,12.61,0.0,0,0,0,True
914,313.5,0.08,21.6,EW_full,1025,650,-1.0,999.0,31.0,0,0,1,False
915,386.1,0.35,21.6,EW_full,747,823,95.0,63.41,14.0,0,0,0,False
916,349.9,0.8,19.8,NS_B,1062,855,53.0,37.28,17.0,0,0,0,False
917,302.8,0.17,16.2,NS_D,764,1000,77.0,57.79,35.0,0,0,0,False
918,592.0,0.74,14.6,NS_D,874,764,44.0,22.68,8.0,0,0,0,False
919,457.4,1.0,16.8,NS_C,1086,979,-1.0,999.0,19.0,0,0,1,False
920,254.9,0.47,19.5,NS_C,945,846,43.0,27.04,11.0,0,0,0,False
921,314.3,0.67,20.6,NS_B,624,649,29.0,13.89,0.0,0,0,0,True
922,330.3,0.88,16.1,COMPLEX_TURN_D_TO_B,895,951,82.0,39.61,16.0,0,0,0,False
923,328.5,0.93,17.7,NS_D,672,658,25.0,7.42,0.0,0,0,0,True
924,596.0,0.08,16.2,NS_D,637,653,35.0,15.79,1.0,0,0,0,False
925,471.9,0.89,21.3,NS_B,1037,773,32.0,17.39,0.0,0,0,0,False
926,337.6,0.35,16.5,NS_B,1056,687,26.0,7.14,0.0,0,0,0,True
927,601.8,0.42,19.9,NS_C,1001,690,30.0,14.36,0.0,0,0,0,True
928,352.7,0.83,15.9,EW_full,1043,832,-1.0,999.0,22.0,0,0,1,False
929,649.6,0.77,17.0,COMPLEX_TURN_D_TO_B,891,907,-1.0,999.0,20.0,0,0,1,False
930,624.4,0.75,18.3,NS_D,911,886,77.0,59.99,34.0,0,0,0,False
931,472.9,0.43,16.7,EW_full,876,758,-1.0,999.0,44.0,0,0,1,False
932,316.8,0.45,17.6,COMPLEX_TURN_D_TO_B,857,676,59.0,20.23,0.0,0,0,0,False
933,347.1,0.14,14.2,NS_C,811,748,33.0,11.08,0.0,0,0,0,True
934,486.6,0.07,16.4,NS_B,914,965,-1.0,999.0,36.0,0,0,1,False
935,316.8,0.95,16.2,NS_C,917,812,41.0,21.79,6.0,0,0,0,False
936,478.9,0.49,16.4,NS_C,929,669,25.0,6.02,0.0,0,0,0,True
937,525.0,0.68,20.3,NS_C,1096,869,59.0,43.67,23.0,0,0,0,False
938,622.6,0.72,14.3,NS_B,778,686,25.0,3.24,0.0,0,0,0,True
939,630.3,0.82,16.6,NS_D,762,907,58.0,39.25,23.0,0,0,0,False
940,630.8,0.64,14.1,EW_full,806,961,119.0,70.6,27.0,0,0,0,False
941,558.2,0.24,18.6,NS_C,698,686,27.0,10.27,0.0,0,0,0,True
942,576.9,0.62,17.4,COMPLEX_TURN_D_TO_B,812,886,86.0,46.78,24.0,0,0,0,False
943,274.8,0.76,18.6,EW_full,806,691,96.0,59.31,10.0,0,0,0,False
944,401.4,0.18,21.2,NS_C,1087,966,58.0,43.32,20.0,0,0,0,False
945,496.4,0.78,21.0,COMPLEX_TURN_D_TO_B,1020,918,-1.0,999.0,22.0,0,0,1,False
946,354.8,0.35,14.8,NS_B,697,798,41.0,19.97,11.0,0,0,0,False
947,630.3,0.45,15.9,NS_D,830,634,27.0,7.43,0.0,0,0,0,True
948,263.7,0.42,14.4,NS_D,742,776,38.0,16.39,5.0,0,0,0,False
949,584.3,0.11,21.8,NS_D,705,823,51.0,36.72,11.0,0,0,0,False
950,287.7,0.02,21.9,NS_B,876,821,31.0,16.79,0.0,0,0,0,False
951,579.8,0.93,19.3,COMPLEX_TURN_D_TO_B,1061,779,68.0,32.64,5.0,0,0,0,False
952,318.0,0.48,17.2,NS_B,625,725,29.0,10.91,0.0,0,0,0,True
953,470.6,0.74,14.9,NS_D,872,768,35.0,14.11,0.0,0,0,0,True
954,393.0,0.01,21.0,NS_B,830,678,27.0,12.18,0.0,0,0,0,True
955,580.0,0.63,19.8,EW_full,722,807,84.0,49.54,11.0,0,0,0,False
956,365.3,0.02,15.4,COMPLEX_TURN_D_TO_B,869,929,110.0,65.69,40.0,0,0,0,False
957,330.4,0.17,20.5,NS_D,759,691,25.0,9.82,0.0,0,0,0,True
958,493.8,0.44,14.4,EW_full,925,654,-1.0,999.0,34.0,0,0,1,False
959,421.1,0.63,18.6,NS_C,1083,793,33.0,16.27,0.0,0,0,0,False
960,619.6,0.85,19.7,COMPLEX_TURN_D_TO_B,944,859,88.0,53.36,23.0,0,0,0,False
961,281.4,0.44,21.6,NS_D,945,830,33.0,18.59,0.0,0,0,0,False
962,440.6,0.27,19.2,EW_full,1082,908,-1.0,999.0,0.0,0,0,1,False
963,340.9,0.33,18.5,NS_D,696,842,44.0,27.18,8.0,0,0,0,False
964,471.5,0.0,19.9,NS_D,1090,763,25.0,9.36,0.0,0,0,0,True
965,523.8,0.38,17.1,NS_D,876,962,-1.0,999.0,22.0,0,0,1,False
966,519.4,0.71,14.8,NS_B,726,967,54.0,32.97,20.0,0,0,0,False
967,391.3,0.02,21.2,NS_C,1078,630,28.0,13.32,0.0,0,0,0,True
968,505.5,0.2,16.2,NS_C,1062,669,31.0,11.79,0.0,0,0,0,True
969,270.1,0.33,14.1,NS_D,918,782,34.0,11.93,0.0,0,0,0,True
970,284.9,0.92,20.8,NS_C,748,749,31.0,16.04,0.0,0,0,0,False
971,319.5,0.42,14.2,COMPLEX_TURN_D_TO_B,929,950,91.0,42.94,21.0,0,0,0,False
972,453.1,0.91,14.3,NS_B,606,752,35.0,13.24,2.0,0,0,0,True
973,467.1,0.58,20.8,COMPLEX_TURN_D_TO_B,1017,703,59.0,26.19,0.0,0,0,0,False
974,433.1,0.81,16.9,EW_full,751,778,80.0,39.62,7.0,0,0,0,False
975,358.2,0.56,21.6,COMPLEX_TURN_D_TO_B,791,996,-1.0,999.0,25.0,0,0,1,False
976,403.2,0.75,14.2,EW_full,1061,953,-1.0,999.0,27.0,0,0,1,False
977,465.7,0.09,16.7,NS_B,896,847,49.0,30.37,13.0,0,0,0,False
978,541.4,0.99,17.8,EW_full,927,903,-1.0,999.0,22.0,0,0,1,False
979,259.9,0.4,17.2,NS_D,1088,761,36.0,17.91,4.0,0,0,0,False
980,284.6,0.51,20.0,NS_B,1058,622,27.0,11.44,0.0,0,0,0,True
981,294.4,0.29,21.0,EW_full,614,916,83.0,50.5,3.0,0,0,0,False
982,253.9,0.69,21.3,NS_B,618,761,35.0,20.39,2.0,0,0,0,False
983,313.9,0.35,17.7,NS_B,696,905,59.0,41.42,21.0,0,0,0,False
984,559.8,0.48,20.8,NS_B,679,944,54.0,39.04,13.0,0,0,0,False
985,388.3,0.03,19.9,NS_B,780,727,27.0,11.36,0.0,0,0,0,True
986,359.5,0.34,16.9,EW_full,784,899,87.0,46.62,9.0,0,0,0,False
987,562.5,0.68,15.0,NS_C,677,829,48.0,27.25,13.0,0,0,0,False
988,448.3,0.08,17.3,NS_D,701,781,44.0,26.01,10.0,0,0,0,False
989,589.5,0.49,17.0,NS_D,677,633,29.0,10.69,0.0,0,0,0,True
990,472.2,0.42,17.7,NS_D,989,787,33.0,15.42,0.0,0,0,0,False
991,526.3,0.02,21.8,NS_C,1051,860,59.0,44.72,18.0,0,0,0,False
992,568.0,0.03,21.6,EW_full,617,782,69.0,37.41,0.0,0,0,0,False
993,606.8,0.55,20.3,COMPLEX_TURN_D_TO_B,713,764,64.0,30.38,1.0,0,0,0,False
994,279.2,0.54,20.4,COMPLEX_TURN_D_TO_B,995,983,86.0,52.55,20.0,0,0,0,False
995,603.3,0.79,19.2,COMPLEX_TURN_D_TO_B,901,623,58.0,22.46,0.0,0,0,0,False
996,383.1,0.14,14.8,NS_D,726,878,65.0,43.97,24.0,0,0,0,False
997,319.1,0.67,17.5,COMPLEX_TURN_D_TO_B,665,930,90.0,51.01,22.0,0,0,0,False
998,475.6,0.1,14.5,NS_D,894,748,25.0,3.54,0.0,0,0,0,True
999,472.4,0.63,16.4,COMPLEX_TURN_D_TO_B,1077,924,86.0,44.39,21.0,0,0,0,False
1000,506.1,0.39,20.2,EW_full,931,905,-1.0,999.0,23.0,0,0,1,False
1001,442.2,0.08,20.1,NS_C,978,858,58.0,42.52,19.0,0,0,0,False
1002,502.5,0.04,21.6,NS_C,984,955,-1.0,999.0,38.0,0,0,1,False
1003,528.9,0.25,20.4,NS_B,708,905,56.0,40.75,19.0,0,0,0,False
1004,596.2,0.53,17.2,NS_B,991,959,-1.0,999.0,24.0,0,0,1,False
1005,251.8,0.27,20.4,COMPLEX_TURN_D_TO_B,1059,811,69.0,35.55,8.0,0,0,0,False
1006,584.2,0.77,19.9,NS_D,907,741,30.0,14.36,0.0,0,0,0,True
1007,537.4,0.27,20.0,NS_D,767,726,29.0,13.44,0.0,0,0,0,True
1008,401.2,0.86,20.3,EW_full,757,707,77.0,43.38,10.0,0,0,0,False
1009,399.1,0.51,15.0,EW_full,1029,737,-1.0,999.0,19.0,0,0,1,False
1010,255.9,0.4,21.6,NS_B,601,719,33.0,18.59,0.0,0,0,0,False
1011,586.6,0.17,17.3,COMPLEX_TURN_D_TO_B,861,678,60.0,20.55,0.0,0,0,0,False
1012,334.9,0.17,19.7,COMPLEX_TURN_D_TO_B,765,780,59.0,24.36,0.0,0,0,0,False
1013,426.7,0.38,19.2,NS_C,648,811,34.0,17.79,0.0,0,0,0,False
1014,401.1,0.33,15.4,NS_C,666,639,35.0,14.79,0.0,0,0,0,True
1015,281.9,0.9,14.3,NS_C,985,830,37.0,15.24,0.0,0,0,0,False
1016,271.3,0.97,14.4,NS_B,756,713,29.0,7.39,0.0,0,0,0,True
1017,551.4,0.82,14.1,EW_full,725,967,75.0,26.6,0.0,0,0,0,False
1018,526.2,0.88,21.0,NS_C,1089,973,-1.0,999.0,20.0,0,0,1,False
1019,355.2,0.97,17.0,NS_C,773,853,63.0,44.69,19.0,0,0,0,False
1020,377.1,0.24,16.6,COMPLEX_TURN_D_TO_B,1034,762,57.0,15.89,0.0,0,0,0,False
1021,409.8,0.84,21.1,COMPLEX_TURN_D_TO_B,778,702,60.0,27.66,0.0,0,0,0,False
1022,480.9,0.74,15.3,NS_B,707,619,25.0,4.66,0.0,0,0,0,True
1023,348.4,0.04,20.1,NS_D,710,629,30.0,14.52,0.0,0,0,0,True
1024,468.3,0.23,18.2,NS_C,823,795,35.0,17.9,1.0,0,0,0,False
1025,422.6,0.56,16.0,NS_B,783,905,59.0,39.55,22.0,0,0,0,False
1026,352.9,0.65,20.2,COMPLEX_TURN_D_TO_B,637,916,86.0,52.22,20.0,0,0,0,False
1027,507.6,0.0,15.8,COMPLEX_TURN_D_TO_B,1032,646,57.0,13.81,0.0,0,0,0,True
1028,402.5,0.03,18.0,NS_C,817,689,32.0,14.71,0.0,0,0,0,True
1029,360.7,0.74,18.5,NS_B,717,803,41.0,24.18,8.0,0,0,0,False
1030,646.3,0.3,14.1,NS_C,720,875,56.0,33.93,19.0,0,0,0,False
1031,603.5,0.24,16.7,COMPLEX_TURN_D_TO_B,727,982,-1.0,999.0,2.0,0,0,1,False
1032,549.6,0.27,19.2,NS_D,724,641,35.0,18.79,0.0,0,0,0,False
1033,559.3,0.72,21.8,COMPLEX_TURN_D_TO_B,941,945,-1.0,999.0,22.0,0,0,1,False
1034,581.4,0.07,19.9,NS_D,877,900,61.0,45.36,24.0,0,0,0,False
1035,616.8,0.13,21.8,COMPLEX_TURN_D_TO_B,810,708,58.0,26.7,0.0,0,0,0,False
1036,437.1,0.75,21.3,NS_B,673,700,28.0,13.39,0.0,0,0,0,True
1037,378.4,0.17,17.6,EW_full,946,611,-1.0,999.0,66.0,0,0,1,False
1038,485.0,0.68,20.1,NS_B,630,674,29.0,13.52,0.0,0,0,0,True
1039,359.1,0.63,19.5,NS_B,685,909,60.0,44.04,24.0,0,0,0,False
1040,261.9,0.76,21.1,NS_D,669,729,31.0,16.25,0.0,0,0,0,False
1041,400.9,0.71,17.8,COMPLEX_TURN_D_TO_B,745,796,72.0,33.66,11.0,0,0,0,False
1042,413.0,0.08,17.6,NS_B,699,661,29.0,11.32,0.0,0,0,0,True
1043,429.4,0.73,18.9,EW_full,860,695,118.0,81.89,44.0,0,0,0,False
1044,403.5,0.92,14.5,NS_D,1085,664,33.0,11.54,0.0,0,0,0,True
1045,413.3,0.65,15.5,EW_full,633,683,84.0,39.97,0.0,0,0,0,False
1046,424.4,0.27,21.1,NS_B,810,842,41.0,26.25,7.0,0,0,0,False
1047,476.7,0.18,16.3,NS_D,818,797,39.0,19.91,0.0,0,0,0,False
1048,473.7,0.17,21.5,NS_D,749,806,33.0,18.53,0.0,0,0,0,False
1049,544.0,0.13,21.9,COMPLEX_TURN_D_TO_B,869,896,-1.0,999.0,20.0,0,0,1,False
1050,282.4,0.25,19.4,COMPLEX_TURN_D_TO_B,927,634,58.0,22.82,0.0,0,0,0,False
1051,569.2,0.32,18.3,NS_D,1012,750,25.0,7.99,0.0,0,0,0,True
1052,290.4,0.09,16.6,NS_D,772,866,44.0,25.25,7.0,0,0,0,False
1053,633.4,0.79,15.8,NS_B,790,973,-1.0,999.0,13.0,0,0,1,False
1054,354.6,0.91,15.1,EW_full,800,957,93.0,47.81,19.0,0,0,0,False
1055,642.2,0.91,19.3,NS_B,723,612,31.0,14.88,0.0,0,0,0,True
1056,479.7,0.24,17.1,EW_full,925,862,-1.0,999.0,37.0,0,0,1,False
1057,267.8,0.93,21.4,COMPLEX_TURN_D_TO_B,915,708,60.0,28.11,0.0,0,0,0,False
1058,287.9,0.95,18.3,NS_C,1044,669,26.0,8.99,0.0,0,0,0,True
1059,644.6,0.23,20.9,NS_B,921,663,25.0,10.11,0.0,0,0,0,True
1060,597.5,0.43,18.6,COMPLEX_TURN_D_TO_B,1054,634,61.0,24.31,0.0,0,0,0,False
1061,566.0,0.23,17.5,NS_D,1057,639,25.0,7.22,0.0,0,0,0,True
1062,341.5,0.44,14.8,NS_D,971,983,59.0,37.97,19.0,0,0,0,False
1063,494.0,0.72,14.5,NS_D,977,862,60.0,38.54,23.0,0,0,0,False
1064,566.7,0.23,18.6,NS_C,907,976,-1.0,999.0,20.0,0,0,1,False
1065,490.7,0.69,16.5,NS_B,666,982,56.0,37.14,16.0,0,0,0,False
1066,429.1,0.78,17.6,NS_B,883,645,25.0,7.32,0.0,0,0,0,True
1067,557.2,0.39,21.5,COMPLEX_TURN_D_TO_B,868,753,59.0,27.26,0.0,0,0,0,False
1068,568.1,0.36,16.4,NS_B,884,759,32.0,13.02,0.0,0,0,0,True
1069,642.1,0.56,20.8,COMPLEX_TURN_D_TO_B,934,829,86.0,53.19,22.0,0,0,0,False
1070,254.8,0.81,14.1,COMPLEX_TURN_D_TO_B,973,756,63.0,14.6,1.0,0,0,0,True
1071,453.3,0.86,21.2,NS_D,1099,635,29.0,14.32,0.0,0,0,0,True
1072,461.2,0.22,15.7,NS_C,687,858,52.0,32.18,18.0,0,0,0,False
1073,468.4,0.01,19.6,NS_B,801,916,59.0,43.12,24.0,0,0,0,False
1074,366.9,0.17,17.9,NS_B,892,635,28.0,10.61,0.0,0,0,0,True
1075,558.2,0.79,19.8,EW_full,919,640,-1.0,999.0,52.0,0,0,1,False
1076,269.8,0.28,18.3,NS_D,1053,708,26.0,8.99,0.0,0,0,0,True
1077,497.6,0.87,16.5,NS_C,827,646,31.0,12.14,0.0,0,0,0,True
1078,463.2,0.74,15.9,COMPLEX_TURN_D_TO_B,940,995,-1.0,999.0,23.0,0,0,1,False
1079,617.2,0.11,19.2,NS_D,1081,1000,-1.0,999.0,2.0,0,0,1,False
1080,449.5,0.37,19.8,NS_B,826,849,53.0,37.28,22.0,0,0,0,False
1081,355.2,0.63,22.0,NS_C,713,638,32.0,17.85,0.0,0,0,0,False
1082,490.3,0.4,14.9,COMPLEX_TURN_D_TO_B,782,988,-1.0,999.0,18.0,0,0,1,False
1083,484.5,0.31,16.0,NS_D,679,701,30.0,10.55,0.0,0,0,0,True
1084,360.2,0.68,20.5,NS_C,710,682,30.0,14.82,0.0,0,0,0,True
1085,496.7,0.49,21.2,COMPLEX_TURN_D_TO_B,871,695,64.0,31.81,1.0,0,0,0,False
1086,384.7,0.86,16.7,NS_D,987,754,31.0,12.37,0.0,0,0,0,True
1087,474.4,0.04,21.2,NS_D,864,741,32.0,17.32,0.0,0,0,0,False
1088,327.4,0.36,20.7,NS_D,861,857,40.0,24.97,5.0,0,0,0,False
1089,621.0,0.46,16.8,COMPLEX_TURN_D_TO_B,936,733,59.0,18.38,0.0,0,0,0,False
1090,402.6,0.39,15.7,EW_full,798,856,100.0,56.54,18.0,0,0,0,False
1091,640.0,0.45,17.5,NS_B,603,729,34.0,16.22,1.0,0,0,0,False
1092,552.2,0.76,16.6,EW_full,625,716,81.0,39.89,0.0,0,0,0,False
1093,396.5,0.37,21.3,NS_B,1068,617,25.0,10.39,0.0,0,0,0,True
1094,335.1,0.44,20.0,NS_C,738,993,56.0,40.44,21.0,0,0,0,False
1095,260.4,0.58,17.9,NS_D,1042,972,60.0,42.61,21.0,0,0,0,False
1096,543.6,0.61,16.9,NS_C,704,642,29.0,10.59,0.0,0,0,0,True
1097,470.6,0.62,19.2,NS_D,713,639,28.0,11.79,0.0,0,0,0,True
1098,280.5,1.0,18.8,NS_B,839,752,26.0,9.45,0.0,0,0,0,True
1099,495.9,0.92,17.4,COMPLEX_TURN_D_TO_B,819,927,-1.0,999.0,31.0,0,0,1,False
1100,480.0,0.44,14.4,NS_D,1095,691,25.0,3.39,0.0,0,0,0,True
1101,461.9,0.98,19.1,EW_full,694,787,72.0,36.27,2.0,0,0,0,False
1102,267.1,0.19,14.4,COMPLEX_TURN_D_TO_B,978,690,60.0,12.61,0.0,0,0,0,True
1103,296.8,0.87,15.4,EW_full,945,657,-1.0,999.0,52.0,0,0,1,False
1104,344.4,0.33,14.5,NS_B,850,666,28.0,6.54,0.0,0,0,0,True
1105,589.6,0.95,19.3,COMPLEX_TURN_D_TO_B,764,944,-1.0,999.0,20.0,0,0,1,False
1106,469.7,0.34,14.6,COMPLEX_TURN_D_TO_B,876,874,87.0,40.26,21.0,0,0,0,False
1107,523.7,0.65,18.9,EW_full,831,659,122.0,85.89,43.0,0,0,0,False
1108,508.9,0.5,20.4,COMPLEX_TURN_D_TO_B,726,945,-1.0,999.0,41.0,0,0,1,False
1109,324.0,0.92,16.6,NS_C,990,707,28.0,9.25,0.0,0,0,0,True
1110,642.6,0.56,17.3,EW_full,905,674,-1.0,999.0,42.0,0,0,1,False
1111,617.3,0.14,19.3,NS_C,726,819,43.0,26.88,9.0,0,0,0,False
1112,614.3,0.89,18.0,NS_D,933,682,29.0,11.71,0.0,0,0,0,True
1113,419.8,0.26,17.5,NS_D,799,851,48.0,30.22,13.0,0,0,0,False
1114,349.9,0.43,20.5,NS_B,608,947,66.0,50.82,24.0,0,0,0,False
1115,289.1,0.32,20.1,NS_D,817,655,25.0,9.52,0.0,0,0,0,True
1116,499.3,0.62,16.1,NS_C,779,744,34.0,14.67,1.0,0,0,0,True
1117,532.6,0.1,18.7,NS_B,907,970,-1.0,999.0,40.0,0,0,1,False
1118,432.2,0.5,14.0,NS_D,641,767,34.0,11.77,0.0,0,0,0,True
1119,354.0,0.28,14.4,COMPLEX_TURN_D_TO_B,1056,649,62.0,14.61,1.0,0,0,0,True
1120,502.6,0.34,21.7,NS_D,911,776,41.0,26.66,7.0,0,0,0,False
1121,334.8,0.66,15.5,NS_D,692,785,28.0,7.92,0.0,0,0,0,True
1122,434.4,0.97,18.0,NS_D,1036,828,46.0,28.71,5.0,0,0,0,False
1123,536.9,0.55,18.3,NS_C,946,727,33.0,15.99,0.0,0,0,0,False
1124,325.6,0.03,17.6,COMPLEX_TURN_D_TO_B,1094,937,88.0,49.23,20.0,0,0,0,False
1125,285.4,0.07,15.1,COMPLEX_TURN_D_TO_B,625,875,70.0,24.81,1.0,0,0,0,False
1126,511.1,0.45,18.0,NS_B,823,667,25.0,7.71,0.0,0,0,0,True
1127,641.9,0.51,15.9,COMPLEX_TURN_D_TO_B,1087,900,-1.0,999.0,37.0,0,0,1,False
1128,278.0,0.76,14.9,NS_C,1094,650,26.0,5.11,0.0,0,0,0,True
1129,442.2,0.55,15.6,NS_B,1080,641,25.0,5.05,0.0,0,0,0,True
1130,636.9,0.44,18.6,COMPLEX_TURN_D_TO_B,901,971,-1.0,999.0,12.0,0,0,1,False
1131,443.9,0.47,21.6,NS_C,837,669,28.0,13.59,0.0,0,0,0,True
1132,399.2,0.22,14.5,NS_D,798,690,32.0,10.54,0.0,0,0,0,True
1133,493.4,0.9,16.1,COMPLEX_TURN_D_TO_B,921,747,63.0,20.61,1.0,0,0,0,False
1134,382.7,0.15,20.7,NS_C,722,694,30.0,14.97,0.0,0,0,0,True
1135,587.2,0.65,18.3,NS_C,721,633,34.0,16.99,0.0,0,0,0,False
1136,352.5,0.45,19.6,NS_C,799,741,38.0,22.12,1.0,0,0,0,False
1137,585.8,0.64,14.6,NS_C,799,920,59.0,37.68,24.0,0,0,0,False
1138,400.1,0.44,15.9,EW_full,696,647,70.0,27.08,7.0,0,0,0,False
1139,384.6,0.91,18.2,EW_full,841,700,116.0,78.51,29.0,0,0,0,False
1140,433.0,0.41,21.6,NS_C,724,986,56.0,41.59,23.0,0,0,0,False
1141,618.2,0.93,20.1,NS_C,914,750,25.0,9.52,0.0,0,0,0,True
1142,548.1,0.58,15.8,NS_C,804,841,57.0,37.3,24.0,0,0,0,False
1143,313.9,0.62,16.8,NS_C,1001,664,30.0,11.48,0.0,0,0,0,True
1144,469.3,0.85,19.1,COMPLEX_TURN_D_TO_B,1040,876,86.0,50.27,17.0,0,0,0,False
1145,431.0,0.4,15.0,NS_D,886,893,57.0,36.25,22.0,0,0,0,False
1146,620.2,0.68,21.8,NS_B,602,704,25.0,10.72,0.0,0,0,0,True
1147,308.2,0.9,16.8,EW_full,1086,645,-1.0,999.0,38.0,0,0,1,False
1148,292.0,0.94,18.8,COMPLEX_TURN_D_TO_B,901,667,57.0,20.7,0.0,0,0,0,False
1149,269.9,0.82,20.2,NS_D,803,670,30.0,14.59,0.0,0,0,0,True
1150,591.6,0.93,17.7,EW_full,781,878,111.0,72.45,30.0,0,0,0,False
1151,276.5,0.57,16.0,NS_D,847,624,25.0,5.55,0.0,0,0,0,True
1152,294.9,0.86,21.0,NS_B,725,844,42.0,27.18,9.0,0,0,0,False
1153,337.7,0.11,17.6,NS_C,817,828,43.0,25.32,4.0,0,0,0,False
1154,409.5,0.92,17.0,EW_full,826,755,118.0,77.86,33.0,0,0,0,False
1155,464.1,0.62,15.9,COMPLEX_TURN_D_TO_B,825,759,57.0,14.08,0.0,0,0,0,True
1156,632.6,0.91,20.9,NS_B,605,801,49.0,34.11,13.0,0,0,0,False
1157,611.7,0.14,16.1,EW_full,1021,820,-1.0,999.0,0.0,0,0,1,False
1158,412.2,0.19,17.0,EW_full,876,800,-1.0,999.0,40.0,0,0,1,False
1159,363.6,0.0,21.3,COMPLEX_TURN_D_TO_B,1052,935,87.0,54.96,19.0,0,0,0,False
1160,273.7,0.41,14.0,COMPLEX_TURN_D_TO_B,912,748,57.0,8.26,0.0,0,0,0,True
1161,311.0,0.83,18.9,NS_D,678,892,53.0,36.53,19.0,0,0,0,False
1162,551.2,0.6,17.4,EW_full,929,910,-1.0,999.0,27.0,0,0,1,False
1163,434.8,0.03,20.4,NS_D,755,635,25.0,9.75,0.0,0,0,0,True
1164,584.4,0.46,17.1,EW_full,910,889,-1.0,999.0,37.0,0,0,1,False
1165,507.2,0.66,15.2,EW_full,1052,606,-1.0,999.0,22.0,0,0,1,False
1166,302.0,0.08,20.9,NS_C,831,811,41.0,26.11,8.0,0,0,0,False
1167,376.4,0.79,17.9,NS_D,673,881,69.0,51.61,30.0,0,0,0,False
1168,467.1,0.37,15.5,COMPLEX_TURN_D_TO_B,1017,633,63.0,18.97,0.0,0,0,0,False
1169,349.8,0.92,18.4,NS_C,664,687,31.0,14.09,0.0,0,0,0,True
1170,534.0,0.69,16.2,NS_D,1024,840,57.0,37.79,18.0,0,0,0,False
1171,349.4,0.06,15.6,NS_D,1032,827,46.0,26.05,12.0,0,0,0,False
1172,496.1,0.87,15.3,NS_B,639,652,30.0,9.66,0.0,0,0,0,True
1173,566.1,0.6,17.4,NS_B,809,880,61.0,43.11,21.0,0,0,0,False
1174,627.4,0.84,18.8,COMPLEX_TURN_D_TO_B,927,781,73.0,36.7,7.0,0,0,0,False
1175,461.8,0.43,19.4,COMPLEX_TURN_D_TO_B,662,686,57.0,21.82,0.0,0,0,0,False
1176,315.1,0.34,14.0,NS_D,927,783,38.0,15.77,4.0,0,0,0,False
1177,501.8,0.69,18.0,NS_C,1013,890,80.0,62.71,39.0,0,0,0,False
1178,487.5,0.63,17.6,EW_full,1002,763,-1.0,999.0,22.0,0,0,1,False
1179,418.1,0.65,17.1,EW_full,966,713,-1.0,999.0,22.0,0,0,1,False
1180,408.3,0.02,18.2,NS_C,645,875,59.0,41.9,24.0,0,0,0,False
1181,278.6,0.66,20.1,EW_full,987,691,-1.0,999.0,51.0,0,0,1,False
1182,477.6,0.11,21.5,NS_D,942,982,-1.0,999.0,21.0,0,0,1,False
1183,424.7,0.58,14.3,COMPLEX_TURN_D_TO_B,700,999,-1.0,999.0,23.0,0,0,1,False
1184,400.8,0.41,17.8,NS_D,640,827,47.0,29.52,13.0,0,0,0,False
1185,513.2,0.19,20.7,EW_full,1091,626,-1.0,999.0,25.0,0,0,1,False
1186,405.9,0.18,18.0,COMPLEX_TURN_D_TO_B,988,717,61.0,23.09,0.0,0,0,0,False
1187,359.1,0.83,15.4,NS_B,810,822,42.0,21.79,10.0,0,0,0,False
1188,435.2,0.26,16.9,NS_D,913,926,56.0,37.59,20.0,0,0,0,False
1189,405.3,0.22,20.2,NS_B,742,961,57.0,41.59,17.0,0,0,0,False
1190,272.9,0.78,14.6,NS_C,1025,638,27.0,5.68,0.0,0,0,0,True
1191,486.9,0.18,21.9,EW_full,657,930,91.0,59.84,7.0,0,0,0,False
1192,324.8,0.16,19.5,NS_C,1039,818,36.0,20.04,4.0,0,0,0,False
1193,297.1,0.88,21.9,NS_D,677,611,29.0,14.79,0.0,0,0,0,True
1194,416.9,0.23,17.6,COMPLEX_TURN_D_TO_B,909,742,57.0,18.23,0.0,0,0,0,False
1195,567.7,0.07,14.6,NS_B,989,626,25.0,3.68,0.0,0,0,0,True
1196,436.5,0.6,17.7,NS_B,902,762,36.0,18.42,0.0,0,0,0,False
1197,557.7,0.56,16.0,NS_C,809,610,26.0,6.55,0.0,0,0,0,True
1198,610.1,0.43,17.6,NS_B,765,927,-1.0,999.0,22.0,0,0,1,False
1199,647.2,0.68,15.9,NS_B,947,606,25.0,5.43,0.0,0,0,0,True
1200,404.2,0.5,16.8,EW_full,1047,750,-1.0,999.0,20.0,0,0,1,False
1201,406.9,0.87,17.2,NS_D,1086,944,60.0,41.91,22.0,0,0,0,False
1202,332.9,0.97,14.7,NS_D,860,651,30.0,8.83,0.0,0,0,0,True
1203,424.7,0.19,20.8,EW_full,644,996,69.0,36.19,0.0,0,0,0,False
1204,407.0,0.26,20.0,COMPLEX_TURN_D_TO_B,1034,803,73.0,38.88,11.0,0,0,0,False
1205,604.3,0.47,21.0,NS_B,955,666,28.0,13.18,0.0,0,0,0,True
1206,318.8,0.97,14.3,NS_B,845,978,59.0,37.24,21.0,0,0,0,False
1207,270.5,0.23,17.8,NS_D,958,950,59.0,41.52,22.0,0,0,0,False
1208,392.6,0.2,18.9,NS_B,1057,902,58.0,41.53,23.0,0,0,0,False
1209,539.2,0.52,18.0,NS_B,1087,797,48.0,30.71,14.0,0,0,0,False
1210,319.4,0.49,20.4,COMPLEX_TURN_D_TO_B,889,663,57.0,23.55,0.0,0,0,0,False
1211,327.0,0.34,20.6,EW_full,632,877,76.0,42.87,0.0,0,0,0,False
1212,580.7,0.08,21.2,NS_C,695,861,61.0,46.32,21.0,0,0,0,False
1213,564.9,0.69,14.8,EW_full,854,738,-1.0,999.0,39.0,0,0,1,False
1214,530.4,0.99,19.0,NS_D,1074,797,45.0,28.62,8.0,0,0,0,False
1215,270.8,0.29,19.2,NS_D,747,800,36.0,19.79,2.0,0,0,0,False
1216,283.8,0.35,17.0,NS_C,1074,656,25.0,6.69,0.0,0,0,0,True
1217,420.4,0.28,14.6,NS_D,971,614,25.0,3.68,0.0,0,0,0,True
1218,264.7,0.92,18.2,NS_C,745,991,62.0,44.9,26.0,0,0,0,False
1219,347.8,0.07,19.9,NS_D,602,855,49.0,33.36,14.0,0,0,0,False
1220,496.5,0.37,21.9,COMPLEX_TURN_D_TO_B,1055,949,-1.0,999.0,21.0,0,0,1,False
1221,596.2,0.8,17.5,NS_B,940,692,29.0,11.22,0.0,0,0,0,True
1222,588.5,0.57,16.2,NS_C,768,711,35.0,15.79,0.0,0,0,0,False
1223,405.8,0.51,14.9,NS_D,960,945,61.0,40.11,22.0,0,0,0,False
1224,341.8,0.45,17.6,NS_D,982,748,27.0,9.32,0.0,0,0,0,True
1225,499.4,0.89,20.9,NS_B,964,809,54.0,39.11,20.0,0,0,0,False
1226,323.4,0.87,18.3,NS_D,783,991,54.0,36.99,17.0,0,0,0,False
1227,364.3,0.02,21.1,NS_C,882,831,47.0,32.25,10.0,0,0,0,False
1228,457.1,0.42,14.5,COMPLEX_TURN_D_TO_B,910,619,58.0,10.94,0.0,0,0,0,True
1229,375.1,0.96,19.1,NS_D,1089,686,25.0,8.71,0.0,0,0,0,True
1230,471.6,0.48,18.6,COMPLEX_TURN_D_TO_B,877,781,60.0,23.31,0.0,0,0,0,False
1231,371.0,0.23,19.8,NS_B,773,818,39.0,23.28,1.0,0,0,0,False
1232,520.1,0.12,16.8,NS_B,738,614,25.0,6.48,0.0,0,0,0,True
1233,366.7,0.3,16.6,NS_C,643,839,45.0,26.25,11.0,0,0,0,False
1234,540.8,0.49,19.5,NS_C,601,717,30.0,14.04,0.0,0,0,0,True
1235,320.1,0.26,17.2,EW_full,692,708,74.0,34.33,0.0,0,0,0,False
1236,597.8,0.0,20.6,NS_C,1096,732,34.0,18.89,0.0,0,0,0,False
1237,349.8,0.88,20.7,EW_full,718,714,75.0,42.03,10.0,0,0,0,False
1238,531.7,0.28,16.8,NS_D,743,795,42.0,23.48,8.0,0,0,0,False
1239,623.3,0.09,15.6,COMPLEX_TURN_D_TO_B,880,927,-1.0,999.0,38.0,0,0,1,False
1240,334.1,0.8,22.0,NS_B,794,686,25.0,10.85,0.0,0,0,0,True
1241,607.6,0.87,17.7,COMPLEX_TURN_D_TO_B,615,787,70.0,31.45,8.0,0,0,0,False
1242,406.9,0.91,15.5,NS_D,997,964,63.0,42.92,22.0,0,0,0,False
1243,482.0,0.72,17.0,COMPLEX_TURN_D_TO_B,675,771,61.0,20.86,0.0,0,0,0,False
1244,278.1,0.96,20.8,EW_full,833,822,106.0,73.19,24.0,0,0,0,False
1245,557.3,0.63,14.6,COMPLEX_TURN_D_TO_B,1036,774,63.0,16.26,1.0,0,0,0,False
1246,580.9,0.51,21.1,EW_full,1039,851,-1.0,999.0,0.0,0,0,1,False
1247,602.5,0.24,17.5,NS_C,1096,726,31.0,13.22,0.0,0,0,0,True
1248,383.7,0.22,21.4,COMPLEX_TURN_D_TO_B,1029,857,94.0,62.11,23.0,0,0,0,False
1249,539.5,0.59,19.9,NS_C,675,682,36.0,20.36,0.0,0,0,0,False
1250,293.4,0.0,15.5,NS_C,714,601,27.0,6.92,0.0,0,0,0,True
1251,529.0,0.65,19.2,NS_B,956,986,-1.0,999.0,14.0,0,0,1,False
1252,476.8,0.05,14.8,NS_C,983,698,25.0,3.97,0.0,0,0,0,True
1253,505.7,0.12,21.0,NS_B,627,795,45.0,30.18,11.0,0,0,0,False
1254,375.8,0.56,14.7,COMPLEX_TURN_D_TO_B,865,989,83.0,36.58,17.0,0,0,0,False
1255,494.0,0.81,17.7,NS_D,615,794,44.0,26.42,11.0,0,0,0,False
1256,575.9,0.47,22.0,COMPLEX_TURN_D_TO_B,761,821,70.0,38.98,3.0,0,0,0,False
1257,431.7,0.06,16.4,COMPLEX_TURN_D_TO_B,920,853,94.0,52.39,23.0,0,0,0,False
1258,583.4,0.8,21.9,NS_B,1090,899,57.0,42.79,18.0,0,0,0,False
1259,523.1,0.07,14.3,COMPLEX_TURN_D_TO_B,719,727,57.0,9.28,0.0,0,0,0,True
1260,356.5,0.87,17.3,COMPLEX_TURN_D_TO_B,896,942,111.0,71.55,38.0,0,0,0,False
1261,373.4,0.64,17.4,EW_full,750,989,80.0,40.78,1.0,0,0,0,False
1262,535.0,0.67,19.6,COMPLEX_TURN_D_TO_B,653,632,58.0,23.18,0.0,0,0,0,False
1263,510.4,0.48,17.5,NS_B,640,680,27.0,9.22,0.0,0,0,0,True
1264,367.1,0.5,15.9,EW_full,674,777,68.0,25.08,0.0,0,0,0,False
1265,315.5,0.92,17.8,NS_D,657,616,26.0,8.52,0.0,0,0,0,True
1266,643.1,0.4,15.9,COMPLEX_TURN_D_TO_B,813,748,67.0,24.08,5.0,0,0,0,False
1267,268.5,0.33,16.3,NS_C,836,764,31.0,11.91,0.0,0,0,0,True
1268,595.1,0.36,19.3,COMPLEX_TURN_D_TO_B,945,863,108.0,72.64,35.0,0,0,0,False
1269,359.1,0.15,20.7,COMPLEX_TURN_D_TO_B,910,647,59.0,26.03,0.0,0,0,0,False
1270,409.5,0.76,21.4,COMPLEX_TURN_D_TO_B,876,995,-1.0,999.0,21.0,0,0,1,False
1271,437.5,0.52,15.4,NS_C,628,904,60.0,39.79,23.0,0,0,0,False
1272,426.0,0.56,17.1,NS_C,1024,602,26.0,7.8,0.0,0,0,0,True
1273,334.7,0.07,20.5,COMPLEX_TURN_D_TO_B,745,778,59.0,25.71,0.0,0,0,0,False
1274,561.1,0.98,16.4,COMPLEX_TURN_D_TO_B,909,703,57.0,15.39,0.0,0,0,0,False
1275,565.9,0.89,20.8,NS_B,946,957,-1.0,999.0,24.0,0,0,1,False
1276,561.7,0.28,17.4,COMPLEX_TURN_D_TO_B,909,643,57.0,17.78,0.0,0,0,0,False
1277,251.6,0.06,20.8,NS_B,941,655,29.0,14.04,0.0,0,0,0,True
1278,267.0,0.01,17.2,NS_C,978,969,58.0,39.91,18.0,0,0,0,False
1279,353.1,0.63,17.9,NS_C,1043,896,62.0,44.61,24.0,0,0,0,False
1280,293.5,0.89,19.0,NS_B,974,634,26.0,9.62,0.0,0,0,0,True
1281,269.5,0.89,15.4,EW_full,640,743,74.0,29.69,6.0,0,0,0,False
1282,572.7,0.02,14.2,EW_full,630,834,68.0,19.94,0.0,0,0,0,False
1283,385.4,0.04,20.9,EW_full,975,789,-1.0,999.0,36.0,0,0,1,False
1284,534.6,0.89,15.3,NS_D,1079,925,66.0,45.66,23.0,0,0,0,False
1285,407.4,0.33,18.4,NS_C,922,773,36.0,19.09,4.0,0,0,0,False
1286,468.8,0.54,19.2,NS_C,959,611,25.0,8.79,0.0,0,0,0,True
1287,467.4,0.06,21.9,NS_C,889,796,36.0,21.79,2.0,0,0,0,False
1288,351.6,0.71,15.1,NS_D,902,901,59.0,38.39,25.0,0,0,0,False
1289,482.9,0.43,21.2,NS_C,612,781,36.0,21.32,3.0,0,0,0,False
1290,458.0,0.83,17.7,NS_B,804,901,57.0,39.42,19.0,0,0,0,False
1291,258.4,0.52,16.7,NS_C,892,828,43.0,24.37,12.0,0,0,0,False
1292,419.0,0.28,18.4,COMPLEX_TURN_D_TO_B,871,887,81.0,43.91,17.0,0,0,0,False
1293,610.5,0.62,16.5,NS_C,773,832,53.0,34.14,18.0,0,0,0,False
1294,464.2,0.15,16.0,NS_C,973,633,25.0,5.55,0.0,0,0,0,True
1295,364.1,1.0,20.5,NS_B,989,863,48.0,32.82,16.0,0,0,0,False
1296,628.3,0.31,15.3,EW_full,1015,874,-1.0,999.0,0.0,0,0,1,False
1297,481.3,0.18,20.1,NS_B,967,628,29.0,13.52,0.0,0,0,0,True
1298,397.8,0.38,19.6,EW_full,617,754,80.0,45.18,10.0,0,0,0,False
1299,644.2,0.6,18.6,COMPLEX_TURN_D_TO_B,804,930,-1.0,999.0,21.0,0,0,1,False
1300,392.7,0.97,19.9,EW_full,757,681,83.0,48.71,10.0,0,0,0,False
1301,561.2,0.85,20.8,NS_B,778,695,25.0,10.04,0.0,0,0,0,True
1302,340.0,0.15,14.3,NS_C,956,757,31.0,9.24,0.0,0,0,0,True
1303,529.0,0.42,21.2,EW_full,889,732,-1.0,999.0,64.0,0,0,1,False
1304,374.3,0.08,15.6,NS_C,772,998,75.0,55.05,35.0,0,0,0,False
1305,287.5,0.49,16.1,NS_B,882,944,55.0,35.67,18.0,0,0,0,False
1306,331.8,0.95,15.9,NS_D,1019,826,40.0,20.43,4.0,0,0,0,False
1307,348.5,0.12,21.5,NS_B,973,801,41.0,26.53,7.0,0,0,0,False
1308,406.6,0.52,20.3,NS_C,1060,761,39.0,23.67,5.0,0,0,0,False
1309,623.5,0.23,15.6,NS_B,600,665,26.0,6.05,0.0,0,0,0,True
1310,321.6,0.28,17.6,NS_B,860,765,26.0,8.32,0.0,0,0,0,True
1311,585.2,0.91,21.3,NS_D,610,617,29.0,14.39,0.0,0,0,0,True
1312,472.4,0.66,19.3,NS_D,847,706,25.0,8.88,0.0,0,0,0,True
1313,467.9,0.49,16.8,NS_B,881,752,31.0,12.48,0.0,0,0,0,True
1314,393.1,0.09,15.4,NS_B,1060,698,30.0,9.79,0.0,0,0,0,True
1315,452.9,0.15,18.1,COMPLEX_TURN_D_TO_B,1100,606,63.0,25.3,0.0,0,0,0,False
1316,388.1,0.15,17.6,NS_C,1075,738,28.0,10.32,0.0,0,0,0,True
1317,617.9,0.59,15.9,NS_B,815,841,58.0,38.43,21.0,0,0,0,False
1318,554.2,0.35,15.4,NS_B,763,615,26.0,5.79,0.0,0,0,0,True
1319,355.4,0.73,20.9,NS_C,973,728,39.0,24.11,3.0,0,0,0,False
1320,268.1,0.22,14.7,COMPLEX_TURN_D_TO_B,1028,981,88.0,41.58,22.0,0,0,0,False
1321,449.9,0.06,19.1,COMPLEX_TURN_D_TO_B,603,731,64.0,28.27,0.0,0,0,0,False
1322,431.2,0.71,21.1,COMPLEX_TURN_D_TO_B,786,974,-1.0,999.0,18.0,0,0,1,False
1323,324.8,0.13,14.7,NS_C,633,675,25.0,3.83,0.0,0,0,0,True
1324,470.6,0.59,18.6,NS_B,613,706,26.0,9.27,0.0,0,0,0,True
1325,468.5,0.17,17.5,NS_D,840,958,79.0,61.22,38.0,0,0,0,False
1326,632.4,0.0,15.8,NS_C,621,895,62.0,42.3,22.0,0,0,0,False
1327,516.9,0.96,20.6,NS_D,1054,986,52.0,36.89,19.0,0,0,0,False
1328,476.4,0.71,18.8,NS_C,1054,838,40.0,23.45,3.0,0,0,0,False
1329,299.0,0.35,15.6,NS_C,720,900,53.0,33.05,15.0,0,0,0,False
1330,470.3,0.25,19.9,EW_full,963,850,-1.0,999.0,38.0,0,0,1,False
1331,295.7,0.47,18.9,NS_C,661,852,44.0,27.53,10.0,0,0,0,False
1332,405.5,0.11,18.9,COMPLEX_TURN_D_TO_B,702,814,76.0,39.89,13.0,0,0,0,False
1333,350.9,0.67,18.7,NS_D,969,732,33.0,16.36,0.0,0,0,0,False
1334,310.0,0.61,18.3,NS_B,1029,733,34.0,16.99,1.0,0,0,0,False
1335,313.3,0.82,18.2,NS_B,615,725,34.0,16.9,0.0,0,0,0,False
1336,564.2,0.5,15.7,NS_C,906,734,25.0,5.18,0.0,0,0,0,True
1337,259.9,0.39,14.6,NS_D,701,734,34.0,12.68,1.0,0,0,0,True
1338,260.8,0.85,15.0,EW_full,976,774,-1.0,999.0,39.0,0,0,1,False
1339,586.4,0.26,18.4,COMPLEX_TURN_D_TO_B,641,654,60.0,22.91,0.0,0,0,0,False
1340,514.8,0.54,18.0,NS_B,689,903,73.0,55.71,32.0,0,0,0,False
1341,568.7,0.92,16.2,EW_full,791,651,105.0,62.88,29.0,0,0,0,False
1342,648.6,0.82,14.7,NS_D,660,951,-1.0,999.0,23.0,0,0,1,False
1343,476.3,0.83,19.0,COMPLEX_TURN_D_TO_B,1049,942,-1.0,999.0,18.0,0,0,1,False
1344,547.1,0.4,20.6,NS_C,789,999,-1.0,999.0,22.0,0,0,1,False
1345,399.4,0.51,20.4,EW_full,756,832,79.0,45.55,11.0,0,0,0,False
1346,507.5,0.16,15.3,COMPLEX_TURN_D_TO_B,742,830,77.0,32.4,15.0,0,0,0,False
1347,515.5,0.88,16.9,COMPLEX_TURN_D_TO_B,745,920,-1.0,999.0,36.0,0,0,1,False
1348,622.0,0.1,18.8,COMPLEX_TURN_D_TO_B,834,955,-1.0,999.0,9.0,0,0,1,False
1349,446.4,0.92,17.6,NS_B,1075,631,26.0,8.32,0.0,0,0,0,True
1350,251.1,0.78,18.5,NS_B,880,607,33.0,16.18,0.0,0,0,0,False
1351,613.3,0.65,21.8,COMPLEX_TURN_D_TO_B,886,940,-1.0,999.0,22.0,0,0,1,False
1352,494.7,0.4,16.3,NS_D,898,833,56.0,36.91,19.0,0,0,0,False
1353,290.6,0.91,14.3,NS_B,875,689,27.0,5.24,0.0,0,0,0,True
1354,388.9,0.34,14.9,NS_C,831,672,31.0,10.11,0.0,0,0,0,True
1355,291.8,0.26,15.2,NS_C,869,846,42.0,21.53,8.0,0,0,0,False
1356,255.6,0.91,20.6,COMPLEX_TURN_D_TO_B,890,842,73.0,39.87,10.0,0,0,0,False
1357,530.0,0.27,16.7,EW_full,992,612,-1.0,999.0,41.0,0,0,1,False
1358,457.6,0.01,17.9,EW_full,985,892,-1.0,999.0,29.0,0,0,1,False
1359,425.3,0.89,16.6,COMPLEX_TURN_D_TO_B,885,924,89.0,47.89,21.0,0,0,0,False
1360,348.8,0.1,18.6,NS_C,920,630,30.0,13.27,0.0,0,0,0,True
1361,422.4,0.87,18.2,COMPLEX_TURN_D_TO_B,768,677,58.0,20.51,0.0,0,0,0,False
1362,318.3,0.23,19.1,NS_C,1031,947,62.0,45.71,22.0,0,0,0,False
1363,477.7,0.37,15.0,EW_full,962,871,-1.0,999.0,40.0,0,0,1,False
1364,336.7,0.17,20.6,COMPLEX_TURN_D_TO_B,1075,637,57.0,23.87,0.0,0,0,0,False
1365,609.0,0.43,21.0,EW_full,1068,905,-1.0,999.0,0.0,0,0,1,False
1366,506.6,0.87,20.4,COMPLEX_TURN_D_TO_B,1029,864,87.0,53.55,22.0,0,0,0,False
1367,273.8,0.11,15.9,NS_B,678,905,47.0,27.43,13.0,0,0,0,False
1368,643.4,0.14,20.6,NS_D,856,941,-1.0,999.0,24.0,0,0,1,False
1369,473.5,0.66,14.9,NS_D,946,933,60.0,39.11,24.0,0,0,0,False
1370,548.7,0.72,16.3,COMPLEX_TURN_D_TO_B,769,788,74.0,32.13,10.0,0,0,0,False
1371,275.4,0.8,21.5,NS_D,1081,698,26.0,11.53,0.0,0,0,0,True
1372,460.7,0.45,20.8,NS_B,665,867,60.0,45.04,21.0,0,0,0,False
1373,414.7,0.93,16.1,EW_full,828,804,120.0,77.61,32.0,0,0,0,False
1374,251.4,0.78,21.7,NS_B,796,890,47.0,32.66,14.0,0,0,0,False
1375,504.1,0.07,14.0,EW_full,699,998,83.0,34.26,11.0,0,0,0,False
1376,372.7,0.87,18.1,NS_D,998,760,28.0,10.81,0.0,0,0,0,True
1377,526.8,0.83,21.0,NS_C,868,750,27.0,12.18,0.0,0,0,0,True
1378,548.2,0.19,20.7,NS_C,1095,774,45.0,29.97,9.0,0,0,0,False
1379,309.6,0.85,17.1,NS_C,950,941,56.0,37.8,22.0,0,0,0,False
1380,421.1,0.55,20.0,NS_B,801,960,81.0,65.44,37.0,0,0,0,False
1381,597.7,0.59,19.0,EW_full,650,770,73.0,37.08,6.0,0,0,0,False
1382,341.1,0.38,18.9,EW_full,1053,846,-1.0,999.0,21.0,0,0,1,False
1383,494.6,0.28,14.1,NS_D,1026,700,33.0,10.93,0.0,0,0,0,True
1384,329.1,0.07,15.3,EW_full,786,892,93.0,48.4,20.0,0,0,0,False
1385,384.3,0.69,19.9,EW_full,812,863,103.0,68.71,23.0,0,0,0,False
1386,592.9,0.54,16.8,NS_B,693,657,32.0,13.48,0.0,0,0,0,True
1387,331.7,0.32,21.6,COMPLEX_TURN_D_TO_B,678,743,57.0,25.41,0.0,0,0,0,False
1388,437.8,0.1,17.5,EW_full,765,911,89.0,50.01,10.0,0,0,0,False
1389,407.1,0.3,21.3,NS_B,768,621,30.0,15.39,0.0,0,0,0,False
1390,260.5,0.99,15.9,NS_B,931,631,31.0,11.43,0.0,0,0,0,True
1391,493.4,0.2,16.8,NS_D,690,985,-1.0,999.0,17.0,0,0,1,False
1392,388.1,0.87,17.9,NS_B,868,615,27.0,9.61,0.0,0,0,0,True
1393,625.9,0.38,16.3,COMPLEX_TURN_D_TO_B,670,977,-1.0,999.0,5.0,0,0,1,False
1394,472.3,0.44,14.2,NS_D,714,659,29.0,7.08,0.0,0,0,0,True
1395,346.5,0.8,18.7,EW_full,1042,608,-1.0,999.0,47.0,0,0,1,False
1396,495.5,0.35,20.2,EW_full,1026,640,-1.0,999.0,37.0,0,0,1,False
1397,529.3,0.12,19.0,EW_full,944,795,-1.0,999.0,21.0,0,0,1,False
1398,476.9,0.18,14.0,NS_B,698,782,32.0,9.77,0.0,0,0,0,True
1399,465.0,0.59,18.5,NS_D,738,801,43.0,26.18,8.0,0,0,0,False
1400,554.6,0.72,16.1,NS_C,650,924,58.0,38.67,21.0,0,0,0,False
1401,576.4,0.75,14.1,NS_B,772,963,-1.0,999.0,34.0,0,0,1,False
1402,288.7,0.15,16.7,NS_D,703,997,59.0,40.37,21.0,0,0,0,False
1403,368.3,0.86,14.9,NS_D,736,609,33.0,12.11,0.0,0,0,0,True
1404,611.7,0.66,15.0,EW_full,742,775,78.0,32.51,6.0,0,0,0,False
1405,300.3,0.99,21.5,COMPLEX_TURN_D_TO_B,1044,981,90.0,58.26,24.0,0,0,0,False
1406,549.2,0.61,14.8,NS_C,747,626,32.0,10.97,0.0,0,0,0,True
1407,499.1,0.73,17.9,NS_C,871,963,-1.0,999.0,38.0,0,0,1,False
1408,439.8,0.02,17.9,EW_full,673,697,73.0,34.88,6.0,0,0,0,False
1409,425.7,0.7,18.1,NS_C,923,882,63.0,45.81,23.0,0,0,0,False
1410,456.5,0.4,15.5,NS_C,761,908,58.0,37.92,21.0,0,0,0,False
1411,426.2,0.44,20.3,EW_full,923,651,-1.0,999.0,65.0,0,0,1,False
1412,537.4,0.09,17.6,NS_D,808,970,-1.0,999.0,39.0,0,0,1,False
1413,588.2,0.16,21.6,COMPLEX_TURN_D_TO_B,1066,839,89.0,57.41,24.0,0,0,0,False
1414,259.8,0.0,16.0,NS_C,980,908,54.0,34.55,19.0,0,0,0,False
1415,272.5,0.25,18.0,NS_C,1074,834,41.0,23.71,4.0,0,0,0,False
1416,451.2,0.29,19.0,EW_full,969,849,-1.0,999.0,21.0,0,0,1,False
1417,565.1,0.86,17.6,NS_C,906,798,40.0,22.32,6.0,0,0,0,False
1418,558.0,0.37,19.5,NS_D,762,854,80.0,64.04,39.0,0,0,0,False
1419,331.1,0.66,21.3,NS_C,859,624,27.0,12.39,0.0,0,0,0,True
1420,435.6,0.39,20.8,NS_B,829,974,58.0,43.04,20.0,0,0,0,False
1421,280.5,0.12,20.8,COMPLEX_TURN_D_TO_B,723,729,57.0,24.19,0.0,0,0,0,False
1422,303.8,0.47,20.7,NS_D,987,617,28.0,12.97,0.0,0,0,0,True
1423,375.5,0.17,20.8,NS_C,833,818,35.0,20.04,1.0,0,0,0,False
1424,305.9,0.87,18.1,NS_D,1072,690,34.0,16.81,2.0,0,0,0,False
1425,600.7,0.91,16.2,EW_full,1050,686,-1.0,999.0,11.0,0,0,1,False
1426,338.3,0.13,15.8,NS_B,1099,854,46.0,26.3,6.0,0,0,0,False
1427,357.4,0.4,17.0,NS_B,897,666,35.0,16.69,0.0,0,0,0,False
1428,289.6,0.24,15.0,NS_C,896,630,25.0,4.25,0.0,0,0,0,True
1429,309.3,0.21,19.7,COMPLEX_TURN_D_TO_B,859,707,61.0,26.36,0.0,0,0,0,False
1430,425.3,0.1,18.4,NS_B,737,900,63.0,46.09,24.0,0,0,0,False
1431,334.2,0.79,14.4,NS_D,604,842,41.0,19.39,1.0,0,0,0,False
1432,623.0,0.92,19.8,EW_full,710,996,67.0,32.54,0.0,0,0,0,False
1433,480.5,0.34,20.2,NS_B,680,647,25.0,9.59,0.0,0,0,0,True
1434,369.0,0.73,17.7,COMPLEX_TURN_D_TO_B,827,786,64.0,25.45,1.0,0,0,0,False
1435,333.4,0.8,15.7,EW_full,758,701,84.0,40.54,11.0,0,0,0,False
1436,493.8,0.81,15.4,NS_D,928,893,80.0,59.79,39.0,0,0,0,False
1437,251.9,0.77,18.9,NS_B,1021,808,39.0,22.53,6.0,0,0,0,False
1438,275.2,0.0,19.8,NS_C,667,925,48.0,32.28,13.0,0,0,0,False
1439,619.7,0.27,18.4,NS_C,888,774,37.0,20.09,0.0,0,0,0,False
1440,637.1,0.56,14.2,NS_D,606,901,57.0,35.08,20.0,0,0,0,False
1441,561.7,0.44,19.0,NS_D,1005,816,46.0,29.62,11.0,0,0,0,False
1442,547.5,0.62,18.0,NS_B,801,728,34.0,16.71,2.0,0,0,0,False
1443,468.3,0.29,19.4,NS_D,661,934,58.0,41.96,21.0,0,0,0,False
1444,280.6,0.49,14.1,NS_D,660,842,38.0,15.93,3.0,0,0,0,False
1445,554.0,0.49,16.9,EW_full,671,836,75.0,34.62,4.0,0,0,0,False
1446,607.7,0.79,16.6,NS_B,873,765,34.0,15.25,1.0,0,0,0,False
1447,648.8,0.03,15.1,NS_B,966,757,34.0,13.39,0.0,0,0,0,True
1448,394.4,0.87,15.6,EW_full,1033,789,-1.0,999.0,24.0,0,0,1,False
1449,511.2,0.26,22.0,EW_full,1049,758,-1.0,999.0,4.0,0,0,1,False
1450,616.6,0.1,19.9,COMPLEX_TURN_D_TO_B,976,873,87.0,52.71,20.0,0,0,0,False
1451,405.2,0.27,22.0,NS_B,774,684,32.0,17.85,0.0,0,0,0,False
1452,531.2,0.99,21.2,COMPLEX_TURN_D_TO_B,895,943,-1.0,999.0,37.0,0,0,1,False
1453,515.5,0.16,21.7,EW_full,922,618,-1.0,999.0,54.0,0,0,1,False
1454,625.1,0.47,15.1,EW_full,879,934,-1.0,999.0,38.0,0,0,1,False
1455,292.4,0.94,15.9,NS_C,808,822,39.0,19.43,3.0,0,0,0,False
1456,336.6,0.54,17.0,NS_C,988,700,27.0,8.69,0.0,0,0,0,True
1457,462.1,0.72,18.9,NS_B,899,747,34.0,17.53,0.0,0,0,0,False
1458,539.7,0.08,15.1,NS_B,627,735,32.0,11.39,0.0,0,0,0,True
1459,444.8,0.75,18.5,COMPLEX_TURN_D_TO_B,860,649,61.0,24.11,0.0,0,0,0,False
1460,631.0,0.1,15.3,COMPLEX_TURN_D_TO_B,853,901,-1.0,999.0,26.0,0,0,1,False
1461,475.0,0.51,21.6,EW_full,784,863,98.0,66.41,21.0,0,0,0,False
1462,500.0,0.84,16.9,COMPLEX_TURN_D_TO_B,919,825,81.0,40.62,19.0,0,0,0,False
1463,327.1,0.79,14.3,NS_B,934,818,30.0,8.24,0.0,0,0,0,True
1464,280.1,0.47,16.6,NS_B,723,839,35.0,16.25,0.0,0,0,0,False
1465,274.7,0.63,14.9,NS_D,1032,614,25.0,4.11,0.0,0,0,0,True
1466,253.8,0.57,14.7,COMPLEX_TURN_D_TO_B,606,700,62.0,15.58,0.0,0,0,0,False
1467,268.9,0.7,18.3,COMPLEX_TURN_D_TO_B,980,907,78.0,40.71,15.0,0,0,0,False
1468,601.3,0.76,16.1,EW_full,626,961,66.0,23.61,0.0,0,0,0,False
1469,258.8,0.97,20.2,EW_full,776,774,79.0,45.22,9.0,0,0,0,False
1470,509.2,0.52,16.6,NS_D,630,841,48.0,29.25,14.0,0,0,0,False
1471,293.0,0.01,20.5,COMPLEX_TURN_D_TO_B,704,783,62.0,28.71,0.0,0,0,0,False
1472,372.0,0.63,14.5,NS_C,863,966,58.0,36.54,20.0,0,0,0,False
1473,530.8,0.79,18.0,NS_B,895,905,83.0,65.71,38.0,0,0,0,False
1474,458.2,0.53,19.9,NS_B,950,924,61.0,45.36,24.0,0,0,0,False
1475,453.5,0.93,17.8,COMPLEX_TURN_D_TO_B,820,690,62.0,23.66,0.0,0,0,0,False
1476,527.2,0.12,19.3,EW_full,915,969,-1.0,999.0,38.0,0,0,1,False
1477,412.2,0.9,20.7,NS_D,973,624,26.0,10.97,0.0,0,0,0,True
1478,506.7,0.1,19.1,NS_B,879,842,57.0,40.71,20.0,0,0,0,False
1479,283.9,0.7,21.9,EW_full,998,801,-1.0,999.0,53.0,0,0,1,False
1480,393.3,0.72,21.3,NS_B,891,729,32.0,17.39,1.0,0,0,0,False
1481,323.0,0.04,19.5,NS_B,893,913,48.0,32.04,16.0,0,0,0,False
1482,524.8,0.26,18.7,NS_C,612,746,27.0,10.36,0.0,0,0,0,True
1483,545.0,0.71,21.9,EW_full,956,994,-1.0,999.0,22.0,0,0,1,False
1484,549.4,0.66,20.8,NS_B,1026,841,59.0,44.04,22.0,0,0,0,False
1485,621.7,0.74,20.5,NS_C,881,610,25.0,9.82,0.0,0,0,0,True
1486,616.0,0.66,14.6,COMPLEX_TURN_D_TO_B,1048,733,57.0,10.26,0.0,0,0,0,True
1487,403.7,0.57,17.2,NS_D,928,681,35.0,16.91,0.0,0,0,0,False
1488,369.4,0.11,19.2,NS_D,824,753,31.0,14.79,0.0,0,0,0,True
1489,621.9,0.91,17.5,COMPLEX_TURN_D_TO_B,788,738,57.0,18.01,0.0,0,0,0,False
1490,570.9,0.97,20.7,NS_B,726,908,62.0,46.97,27.0,0,0,0,False
1491,467.0,0.74,15.3,NS_C,1021,989,-1.0,999.0,23.0,0,0,1,False
1492,543.9,0.78,15.6,COMPLEX_TURN_D_TO_B,1011,975,-1.0,999.0,23.0,0,0,1,False
1493,614.5,0.05,16.1,NS_C,983,648,25.0,5.67,0.0,0,0,0,True
1494,613.3,0.87,21.8,NS_B,738,707,26.0,11.72,0.0,0,0,0,True
1495,452.5,0.16,17.5,EW_full,797,903,112.0,73.01,29.0,0,0,0,False
1496,648.7,0.27,20.1,COMPLEX_TURN_D_TO_B,1099,786,73.0,39.05,11.0,0,0,0,False
1497,639.4,0.8,17.3,NS_B,794,796,50.0,32.01,16.0,0,0,0,False
1498,547.4,0.67,20.0,NS_D,1045,997,-1.0,999.0,17.0,0,0,1,False
1499,448.5,0.22,19.8,NS_B,1018,770,37.0,21.28,5.0,0,0,0,False
1500,537.5,0.49,21.3,NS_C,1061,673,29.0,14.39,0.0,0,0,0,True
1501,572.0,0.06,17.4,NS_C,901,849,62.0,44.11,20.0,0,0,0,False
1502,576.2,0.11,15.6,EW_full,654,797,77.0,33.26,6.0,0,0,0,False
1503,301.1,0.79,20.4,NS_B,784,897,54.0,38.75,17.0,0,0,0,False
1504,567.7,0.95,21.6,NS_C,1077,852,56.0,41.59,18.0,0,0,0,False
1505,636.1,0.94,20.8,NS_C,729,818,58.0,43.04,18.0,0,0,0,False
1506,404.3,0.15,20.7,NS_B,887,647,31.0,15.97,1.0,0,0,0,False
1507,585.7,0.25,22.0,NS_C,804,885,77.0,62.85,37.0,0,0,0,False
1508,481.4,0.94,14.2,NS_C,853,899,61.0,39.08,23.0,0,0,0,False
1509,592.5,0.0,16.1,COMPLEX_TURN_D_TO_B,937,824,84.0,41.61,19.0,0,0,0,False
1510,553.6,0.76,19.9,NS_C,1012,664,31.0,15.36,0.0,0,0,0,False
1511,639.4,0.28,21.5,EW_full,604,681,69.0,37.26,5.0,0,0,0,False
1512,279.8,0.42,21.9,NS_B,625,781,28.0,13.79,0.0,0,0,0,True
1513,539.6,0.38,21.7,EW_full,623,827,67.0,35.55,5.0,0,0,0,False
1514,438.6,0.32,21.6,NS_C,857,1000,58.0,43.59,20.0,0,0,0,False
1515,498.0,0.0,14.9,EW_full,719,793,84.0,38.2,14.0,0,0,0,False
1516,600.7,0.57,14.9,NS_C,974,864,58.0,37.11,19.0,0,0,0,False
1517,306.6,0.55,18.2,NS_B,803,759,39.0,21.9,3.0,0,0,0,False
1518,644.1,0.93,17.1,EW_full,1069,796,-1.0,999.0,0.0,0,0,1,False
1519,383.5,0.51,21.6,NS_C,968,944,61.0,46.59,22.0,0,0,0,False
1520,511.7,0.86,14.9,NS_B,849,991,-1.0,999.0,20.0,0,0,1,False
1521,305.1,0.46,19.2,NS_B,743,765,36.0,19.79,4.0,0,0,0,False
1522,420.1,0.98,19.7,NS_B,772,808,40.0,24.2,5.0,0,0,0,False
1523,639.6,0.97,18.4,NS_C,1060,994,-1.0,999.0,18.0,0,0,1,False
1524,331.5,0.91,19.9,EW_full,613,796,78.0,43.71,0.0,0,0,0,False
1525,635.4,0.86,16.9,NS_C,847,644,29.0,10.59,0.0,0,0,0,True
1526,439.8,0.57,14.3,NS_C,879,955,57.0,35.24,17.0,0,0,0,False
1527,549.8,0.49,19.0,EW_full,775,760,95.0,59.08,7.0,0,0,0,False
1528,270.6,0.72,15.9,NS_D,1096,629,27.0,7.43,0.0,0,0,0,True
1529,516.6,0.74,20.6,NS_C,814,886,57.0,41.89,22.0,0,0,0,False
1530,642.3,0.82,15.7,EW_full,696,875,83.0,39.54,11.0,0,0,0,False
1531,465.0,0.01,18.4,NS_D,922,870,54.0,37.09,19.0,0,0,0,False
1532,420.4,0.64,20.1,COMPLEX_TURN_D_TO_B,989,961,88.0,54.05,23.0,0,0,0,False
1533,257.2,0.92,16.5,EW_full,925,964,-1.0,999.0,47.0,0,0,1,False
1534,480.3,0.68,21.4,NS_C,796,965,57.0,42.46,21.0,0,0,0,False
1535,554.2,0.46,15.8,EW_full,845,682,-1.0,999.0,31.0,0,0,1,False
1536,399.3,0.2,18.6,EW_full,859,817,-1.0,999.0,38.0,0,0,1,False
1537,625.7,0.63,16.2,EW_full,924,909,-1.0,999.0,19.0,0,0,1,False
1538,325.7,0.83,14.4,NS_D,823,835,43.0,21.39,5.0,0,0,0,False
1539,601.3,0.36,19.6,COMPLEX_TURN_D_TO_B,862,659,59.0,24.18,0.0,0,0,0,False
1540,591.5,0.48,17.3,NS_D,715,642,31.0,13.01,1.0,0,0,0,True
1541,348.4,0.06,17.8,COMPLEX_TURN_D_TO_B,650,806,73.0,34.66,11.0,0,0,0,False
1542,496.6,0.71,21.3,COMPLEX_TURN_D_TO_B,787,888,105.0,72.96,33.0,0,0,0,False
1543,551.9,0.33,16.1,NS_B,738,936,58.0,38.67,17.0,0,0,0,False
1544,339.6,0.38,16.2,EW_full,994,916,-1.0,999.0,37.0,0,0,1,False
1545,264.1,0.94,14.9,EW_full,914,730,-1.0,999.0,38.0,0,0,1,False
1546,258.3,0.15,20.7,NS_B,1058,845,46.0,30.97,14.0,0,0,0,False
1547,307.9,0.97,18.5,COMPLEX_TURN_D_TO_B,953,735,63.0,26.11,1.0,0,0,0,False
1548,390.4,0.5,17.7,COMPLEX_TURN_D_TO_B,776,749,61.0,22.45,0.0,0,0,0,False
1549,421.7,0.28,21.3,COMPLEX_TURN_D_TO_B,812,900,89.0,56.96,25.0,0,0,0,False
1550,457.7,0.28,20.1,NS_C,1077,953,61.0,45.52,23.0,0,0,0,False
1551,250.7,0.63,16.6,NS_C,720,881,47.0,28.25,13.0,0,0,0,False
1552,281.2,0.68,17.8,NS_C,761,928,71.0,53.52,29.0,0,0,0,False
1553,427.0,0.56,14.4,NS_C,1012,866,44.0,22.39,10.0,0,0,0,False
1554,305.7,0.77,21.3,COMPLEX_TURN_D_TO_B,764,908,87.0,54.96,23.0,0,0,0,False
1555,615.9,0.58,15.4,NS_C,921,737,27.0,6.79,0.0,0,0,0,True
1556,287.1,0.39,16.4,NS_C,1070,917,60.0,41.02,18.0,0,0,0,False
1557,339.2,0.84,16.3,NS_D,686,626,25.0,5.91,0.0,0,0,0,True
1558,275.1,0.43,16.7,NS_C,1057,935,50.0,31.37,13.0,0,0,0,False
1559,368.6,0.71,18.0,EW_full,641,873,72.0,34.09,0.0,0,0,0,False
1560,551.0,0.83,17.2,COMPLEX_TURN_D_TO_B,835,998,-1.0,999.0,21.0,0,0,1,False
1561,382.3,0.42,16.8,NS_B,886,747,28.0,9.48,0.0,0,0,0,True
1562,433.5,0.36,21.8,COMPLEX_TURN_D_TO_B,681,613,57.0,25.7,0.0,0,0,0,False
1563,321.0,0.5,14.7,NS_B,1009,704,34.0,12.83,0.0,0,0,0,True
1564,296.5,0.07,16.6,COMPLEX_TURN_D_TO_B,678,642,57.0,15.89,0.0,0,0,0,False
1565,398.3,0.17,15.8,EW_full,755,847,79.0,35.81,12.0,0,0,0,False
1566,585.5,0.7,14.1,COMPLEX_TURN_D_TO_B,802,981,-1.0,999.0,16.0,0,0,1,False
1567,606.8,0.97,20.5,NS_D,823,647,27.0,11.82,0.0,0,0,0,True
1568,583.4,0.16,15.9,NS_C,1014,917,60.0,40.43,21.0,0,0,0,False
1569,551.1,0.87,20.4,NS_C,1030,852,59.0,43.75,21.0,0,0,0,False
1570,430.0,0.97,17.7,NS_B,905,769,27.0,9.42,0.0,0,0,0,True
1571,432.2,0.4,17.9,EW_full,1087,992,-1.0,999.0,0.0,0,0,1,False
1572,366.1,0.25,17.0,NS_B,861,813,38.0,19.69,6.0,0,0,0,False
1573,608.7,0.21,20.3,NS_C,1054,968,-1.0,999.0,21.0,0,0,1,False
1574,497.5,0.77,16.5,NS_C,768,703,34.0,15.14,0.0,0,0,0,False
1575,520.7,0.66,21.2,NS_D,865,721,26.0,11.32,0.0,0,0,0,True
1576,380.4,0.1,21.1,NS_D,803,988,78.0,63.25,39.0,0,0,0,False
1577,516.0,0.14,18.5,NS_D,1043,721,26.0,9.18,0.0,0,0,0,True
1578,545.0,0.05,21.6,NS_C,917,847,57.0,42.59,23.0,0,0,0,False
1579,416.3,0.03,21.6,NS_C,940,721,27.0,12.59,0.0,0,0,0,True
1580,548.1,0.81,16.3,NS_D,976,690,34.0,14.91,1.0,0,0,0,True
1581,603.4,0.88,16.9,NS_D,966,637,29.0,10.59,0.0,0,0,0,True
1582,415.6,0.13,21.3,NS_C,700,716,28.0,13.39,0.0,0,0,0,True
1583,434.0,0.67,19.5,NS_C,662,876,58.0,42.04,18.0,0,0,0,False
1584,394.8,0.15,14.2,NS_D,789,880,60.0,38.08,19.0,0,0,0,False
1585,264.4,0.16,18.8,NS_D,1091,739,31.0,14.45,0.0,0,0,0,True
1586,274.6,0.61,20.5,NS_B,994,799,34.0,18.82,0.0,0,0,0,False
1587,514.7,0.01,15.5,NS_D,660,795,38.0,17.92,4.0,0,0,0,False
1588,464.2,0.15,20.8,EW_full,607,671,65.0,32.19,0.0,0,0,0,False
1589,634.5,0.91,21.6,EW_full,795,885,108.0,76.41,19.0,0,0,0,False
1590,411.1,0.16,20.2,EW_full,1036,866,-1.0,999.0,35.0,0,0,1,False
1591,496.7,0.66,17.7,NS_D,983,674,34.0,16.42,1.0,0,0,0,False
1592,589.7,0.26,22.0,NS_D,913,920,60.0,45.85,22.0,0,0,0,False
1593,609.1,0.95,15.6,COMPLEX_TURN_D_TO_B,620,843,81.0,37.26,18.0,0,0,0,False
1594,457.9,0.33,21.2,NS_B,697,933,71.0,56.32,27.0,0,0,0,False
1595,335.2,0.15,20.6,NS_D,1093,975,63.0,47.89,22.0,0,0,0,False
1596,556.5,0.65,20.6,NS_D,782,968,-1.0,999.0,18.0,0,0,1,False
1597,546.6,0.35,16.8,EW_full,1090,968,-1.0,999.0,0.0,0,0,1,False
1598,352.1,0.64,21.0,NS_C,935,880,55.0,40.18,21.0,0,0,0,False
1599,517.8,0.47,20.9,EW_full,966,697,-1.0,999.0,41.0,0,0,1,False
1600,312.3,0.18,21.6,COMPLEX_TURN_D_TO_B,680,975,88.0,56.41,20.0,0,0,0,False
1601,263.0,0.82,20.3,NS_C,993,605,30.0,14.67,0.0,0,0,0,True
1602,348.4,0.01,18.8,NS_B,985,739,33.0,16.45,0.0,0,0,0,False
1603,326.7,0.51,14.8,NS_B,855,656,25.0,3.97,0.0,0,0,0,True
1604,521.1,0.18,18.2,EW_full,652,899,77.0,39.51,4.0,0,0,0,False
1605,315.3,0.46,20.4,NS_B,743,682,29.0,13.75,0.0,0,0,0,True
1606,268.1,0.34,17.2,NS_C,989,979,55.0,36.91,22.0,0,0,0,False
1607,572.6,0.64,17.6,NS_C,816,912,55.0,37.32,16.0,0,0,0,False
1608,298.6,0.06,16.0,COMPLEX_TURN_D_TO_B,853,908,87.0,44.35,18.0,0,0,0,False
1609,540.5,0.95,16.7,COMPLEX_TURN_D_TO_B,769,949,-1.0,999.0,22.0,0,0,1,False
1610,453.6,0.12,15.4,NS_C,886,863,56.0,35.79,21.0,0,0,0,False
1611,333.1,0.43,15.4,NS_D,669,901,57.0,36.79,17.0,0,0,0,False
1612,452.8,0.88,17.2,NS_B,667,696,32.0,13.91,0.0,0,0,0,True
1613,581.2,0.77,18.9,EW_full,801,876,107.0,70.89,31.0,0,0,0,False
1614,573.4,0.68,18.2,NS_C,1082,653,25.0,7.9,0.0,0,0,0,True
1615,314.9,0.22,17.4,NS_D,612,671,28.0,10.11,0.0,0,0,0,True
1616,327.1,0.98,14.7,COMPLEX_TURN_D_TO_B,1014,637,57.0,10.58,0.0,0,0,0,True
1617,589.6,0.46,17.2,NS_D,709,628,32.0,13.91,1.0,0,0,0,True
1618,524.2,0.6,14.3,NS_D,877,948,-1.0,999.0,20.0,0,0,1,False
1619,617.7,0.8,19.4,NS_C,725,782,32.0,15.96,0.0,0,0,0,False
1620,628.9,0.39,16.8,COMPLEX_TURN_D_TO_B,759,636,57.0,16.38,0.0,0,0,0,False
1621,258.3,0.43,16.3,NS_D,1092,998,56.0,36.91,21.0,0,0,0,False
1622,294.6,0.26,19.5,NS_B,918,696,27.0,11.04,0.0,0,0,0,True
1623,418.6,0.75,20.0,NS_C,924,743,27.0,11.44,0.0,0,0,0,True
1624,377.3,0.01,16.0,EW_full,750,922,95.0,52.35,13.0,0,0,0,False
1625,572.4,0.91,21.5,NS_B,758,816,42.0,27.53,2.0,0,0,0,False
1626,413.1,0.3,21.9,NS_C,920,915,60.0,45.79,17.0,0,0,0,False
1627,316.9,0.9,15.3,NS_B,680,880,47.0,26.66,15.0,0,0,0,False
1628,508.7,0.35,19.2,NS_D,874,922,62.0,45.79,22.0,0,0,0,False
1629,482.0,0.58,21.6,NS_D,1047,922,82.0,67.59,43.0,0,0,0,False
1630,322.5,0.67,20.7,NS_B,777,945,81.0,65.97,34.0,0,0,0,False
1631,575.9,0.35,16.9,NS_D,949,662,25.0,6.59,0.0,0,0,0,True
1632,324.9,0.62,14.4,EW_full,985,961,-1.0,999.0,25.0,0,0,1,False
1633,637.6,0.78,19.8,COMPLEX_TURN_D_TO_B,778,872,89.0,54.54,20.0,0,0,0,False
1634,442.4,0.71,16.4,NS_D,734,949,59.0,40.02,21.0,0,0,0,False
1635,550.5,0.92,21.5,EW_full,692,789,77.0,45.26,2.0,0,0,0,False
1636,460.9,0.51,20.8,EW_full,751,650,80.0,47.19,7.0,0,0,0,False
1637,290.1,0.49,15.6,EW_full,887,907,118.0,74.26,31.0,0,0,0,False
1638,250.6,0.63,14.4,NS_C,1073,990,62.0,40.39,24.0,0,0,0,False
1639,563.1,0.37,18.8,NS_C,629,674,25.0,8.45,0.0,0,0,0,True
1640,549.2,0.53,18.6,COMPLEX_TURN_D_TO_B,1063,629,61.0,24.31,0.0,0,0,0,False
1641,437.3,0.14,15.9,NS_D,822,663,28.0,8.43,0.0,0,0,0,True
1642,646.9,0.58,20.8,NS_B,768,768,41.0,26.04,7.0,0,0,0,False
1643,454.3,1.0,19.5,NS_C,1037,742,33.0,17.04,0.0,0,0,0,False
1644,251.6,0.26,17.6,EW_full,725,971,86.0,47.23,10.0,0,0,0,False
1645,392.0,0.5,15.8,NS_D,629,637,29.0,9.3,0.0,0,0,0,True
1646,544.1,0.28,20.4,NS_B,960,887,57.0,41.75,17.0,0,0,0,False
1647,352.0,0.37,15.0,NS_D,872,703,31.0,10.25,0.0,0,0,0,True
1648,482.6,0.34,16.9,EW_full,1005,815,-1.0,999.0,24.0,0,0,1,False
1649,383.5,0.41,15.3,NS_C,966,821,37.0,16.66,0.0,0,0,0,False
1650,484.5,0.06,18.2,EW_full,896,753,-1.0,999.0,36.0,0,0,1,False
1651,508.6,0.94,17.2,NS_D,813,622,26.0,7.91,0.0,0,0,0,True
1652,538.8,0.27,15.1,NS_B,653,820,50.0,29.39,15.0,0,0,0,False
1653,261.9,0.89,16.1,NS_C,1066,642,32.0,12.67,0.0,0,0,0,True
1654,374.1,0.0,16.1,NS_D,878,895,48.0,28.67,13.0,0,0,0,False
1655,564.2,0.92,16.1,NS_D,704,927,57.0,37.67,21.0,0,0,0,False
1656,503.6,0.52,20.9,EW_full,910,861,-1.0,999.0,43.0,0,0,1,False
1657,639.9,0.11,15.0,NS_B,744,610,32.0,11.25,0.0,0,0,0,True
1658,519.4,0.15,18.0,NS_C,609,689,25.0,7.71,0.0,0,0,0,True
1659,252.4,0.3,17.0,NS_D,983,766,33.0,14.69,1.0,0,0,0,True
1660,484.5,0.16,18.6,COMPLEX_TURN_D_TO_B,762,626,58.0,21.31,0.0,0,0,0,False
1661,621.5,0.46,20.8,COMPLEX_TURN_D_TO_B,1053,885,-1.0,999.0,18.0,0,0,1,False
1662,413.6,0.01,17.6,COMPLEX_TURN_D_TO_B,1062,862,79.0,40.23,15.0,0,0,0,False
1663,605.2,0.37,15.0,NS_B,630,875,59.0,38.25,21.0,0,0,0,False
1664,597.5,0.58,18.4,EW_full,734,673,85.0,47.91,11.0,0,0,0,False
1665,550.1,0.67,20.1,EW_full,1010,706,-1.0,999.0,22.0,0,0,1,False
1666,485.9,0.57,19.2,EW_full,1027,696,-1.0,999.0,36.0,0,0,1,False
1667,529.6,0.05,16.3,NS_C,1043,670,29.0,9.91,0.0,0,0,0,True
1668,336.0,0.46,18.4,COMPLEX_TURN_D_TO_B,777,954,87.0,49.91,19.0,0,0,0,False
1669,488.5,0.0,19.8,COMPLEX_TURN_D_TO_B,966,862,89.0,54.54,23.0,0,0,0,False
1670,423.2,0.62,21.9,COMPLEX_TURN_D_TO_B,1051,707,58.0,26.84,0.0,0,0,0,False
1671,286.2,0.81,18.3,NS_D,669,740,25.0,7.99,0.0,0,0,0,True
1672,433.7,0.81,15.0,COMPLEX_TURN_D_TO_B,824,643,59.0,13.51,0.0,0,0,0,True
1673,393.0,0.2,16.8,NS_C,935,916,62.0,43.48,22.0,0,0,0,False
1674,498.8,0.01,18.9,NS_D,602,781,46.0,29.53,10.0,0,0,0,False
1675,518.9,0.41,18.7,EW_full,629,617,68.0,31.51,0.0,0,0,0,False
1676,602.7,0.17,17.3,NS_B,690,880,60.0,42.01,22.0,0,0,0,False
1677,476.0,0.6,19.1,EW_full,735,765,73.0,37.27,1.0,0,0,0,False
1678,586.5,0.47,15.9,NS_B,1000,605,27.0,7.43,0.0,0,0,0,True
1679,304.1,0.66,14.0,NS_B,983,787,40.0,17.77,8.0,0,0,0,False
1680,328.3,0.02,19.4,EW_full,916,977,-1.0,999.0,45.0,0,0,1,False
1681,550.1,0.35,21.7,NS_B,831,913,59.0,44.66,24.0,0,0,0,False
1682,297.5,0.05,21.4,EW_full,611,800,68.0,36.11,4.0,0,0,0,False
1683,427.6,0.92,14.3,NS_D,625,886,55.0,33.24,17.0,0,0,0,False
1684,507.8,0.71,22.0,NS_C,624,870,77.0,62.85,35.0,0,0,0,False
1685,360.5,0.35,16.0,EW_full,685,842,75.0,32.35,6.0,0,0,0,False
1686,608.3,0.43,16.6,NS_C,921,823,51.0,32.25,16.0,0,0,0,False
1687,603.5,0.47,14.1,COMPLEX_TURN_D_TO_B,972,835,84.0,35.6,21.0,0,0,0,False
1688,468.6,0.29,18.7,COMPLEX_TURN_D_TO_B,1061,717,57.0,20.51,0.0,0,0,0,False
1689,370.2,0.56,15.0,COMPLEX_TURN_D_TO_B,633,781,63.0,17.51,0.0,0,0,0,False
1690,551.2,0.74,18.6,NS_D,604,652,29.0,12.27,0.0,0,0,0,True
1691,389.8,0.25,16.4,EW_full,735,806,74.0,32.39,5.0,0,0,0,False
1692,418.8,0.71,15.0,COMPLEX_TURN_D_TO_B,919,927,88.0,42.51,21.0,0,0,0,False
1693,443.8,0.81,14.1,COMPLEX_TURN_D_TO_B,969,695,59.0,10.6,0.0,0,0,0,True
1694,258.1,0.98,21.7,EW_full,802,648,93.0,61.55,17.0,0,0,0,False
1695,515.6,0.15,16.0,COMPLEX_TURN_D_TO_B,695,752,57.0,14.35,0.0,0,0,0,True
1696,465.5,0.67,17.6,NS_B,1031,884,59.0,41.32,19.0,0,0,0,False
1697,360.1,0.76,14.1,COMPLEX_TURN_D_TO_B,1051,995,-1.0,999.0,22.0,0,0,1,False
1698,279.2,0.39,17.2,NS_D,1096,650,28.0,9.91,0.0,0,0,0,True
1699,412.2,0.27,21.9,NS_C,700,775,33.0,18.79,2.0,0,0,0,False
1700,298.4,0.98,18.1,COMPLEX_TURN_D_TO_B,816,734,59.0,21.3,0.0,0,0,0,False
1701,277.1,0.2,14.1,EW_full,759,639,79.0,30.6,2.0,0,0,0,False
1702,318.9,0.22,19.2,COMPLEX_TURN_D_TO_B,622,657,58.0,22.46,0.0,0,0,0,False
1703,643.1,0.91,15.9,EW_full,738,935,73.0,30.08,8.0,0,0,0,False
1704,330.2,0.76,21.8,EW_full,874,950,118.0,86.7,43.0,0,0,0,False
1705,311.6,0.43,19.7,NS_C,955,741,35.0,19.2,0.0,0,0,0,False
1706,352.1,0.84,21.1,EW_full,704,759,71.0,38.66,5.0,0,0,0,False
1707,542.3,0.03,16.3,EW_full,760,892,90.0,48.13,16.0,0,0,0,False
1708,454.3,0.69,19.4,NS_B,702,620,31.0,14.96,0.0,0,0,0,True
1709,548.2,0.49,14.9,NS_C,977,612,31.0,10.11,0.0,0,0,0,True
1710,587.4,0.15,15.2,EW_full,1004,751,-1.0,999.0,22.0,0,0,1,False
1711,323.0,0.91,17.4,NS_D,603,868,43.0,25.11,10.0,0,0,0,False
1712,436.4,0.55,15.4,COMPLEX_TURN_D_TO_B,689,769,66.0,21.69,2.0,0,0,0,False
1713,641.2,0.8,18.1,EW_full,824,917,-1.0,999.0,46.0,0,0,1,False
1714,386.3,0.23,15.4,NS_B,637,785,35.0,14.79,2.0,0,0,0,True
1715,256.7,0.88,21.3,NS_C,907,644,31.0,16.39,0.0,0,0,0,False
1716,512.7,0.38,17.2,EW_full,869,780,-1.0,999.0,46.0,0,0,1,False
1717,320.8,0.16,16.7,NS_C,725,834,42.0,23.37,6.0,0,0,0,False
1718,638.4,0.48,19.5,NS_B,614,813,56.0,40.04,20.0,0,0,0,False
1719,436.2,0.56,19.7,NS_B,786,749,31.0,15.2,0.0,0,0,0,False
1720,316.6,0.54,17.0,NS_B,933,763,33.0,14.69,1.0,0,0,0,True
1721,443.2,0.31,21.3,COMPLEX_TURN_D_TO_B,707,743,62.0,29.96,0.0,0,0,0,False
1722,516.7,0.49,15.9,COMPLEX_TURN_D_TO_B,1029,953,-1.0,999.0,20.0,0,0,1,False
1723,502.7,0.44,17.2,NS_D,824,624,31.0,12.91,0.0,0,0,0,True
1724,337.5,0.81,19.7,EW_full,642,681,67.0,32.36,0.0,0,0,0,False
1725,518.2,0.15,17.0,NS_D,740,934,56.0,37.69,19.0,0,0,0,False
1726,382.7,0.21,15.1,NS_C,756,883,57.0,36.39,17.0,0,0,0,False
1727,376.6,0.73,19.0,NS_B,744,801,33.0,16.62,0.0,0,0,0,False
1728,640.8,0.48,18.7,COMPLEX_TURN_D_TO_B,723,810,84.0,47.51,18.0,0,0,0,False
1729,306.7,0.43,14.2,NS_C,1032,822,47.0,25.08,12.0,0,0,0,False
1730,422.2,0.28,15.9,NS_C,603,965,54.0,34.43,20.0,0,0,0,False
1731,537.5,0.7,20.6,NS_B,879,643,26.0,10.89,0.0,0,0,0,True
1732,254.9,0.46,21.2,COMPLEX_TURN_D_TO_B,908,913,84.0,51.81,18.0,0,0,0,False
1733,596.5,0.91,18.6,COMPLEX_TURN_D_TO_B,663,998,-1.0,999.0,0.0,0,0,1,False
1734,379.0,0.22,18.6,EW_full,878,728,118.0,81.31,36.0,0,0,0,False
1735,598.8,0.86,17.3,COMPLEX_TURN_D_TO_B,786,628,60.0,20.55,0.0,0,0,0,False
1736,345.7,0.66,19.5,COMPLEX_TURN_D_TO_B,971,645,60.0,25.01,0.0,0,0,0,False
1737,380.0,0.99,15.4,EW_full,674,654,65.0,20.69,0.0,0,0,0,False
1738,278.5,0.11,18.9,COMPLEX_TURN_D_TO_B,711,872,72.0,35.89,8.0,0,0,0,False
1739,637.1,0.2,16.1,EW_full,946,865,-1.0,999.0,0.0,0,0,1,False
1740,334.8,0.37,14.7,NS_C,874,989,60.0,38.83,24.0,0,0,0,False
1741,605.6,0.13,21.5,EW_full,961,910,-1.0,999.0,7.0,0,0,1,False
1742,485.8,0.38,21.6,NS_C,1029,766,38.0,23.59,0.0,0,0,0,False
1743,406.5,0.61,14.4,NS_D,989,738,33.0,11.39,2.0,0,0,0,True
1744,625.7,0.02,15.5,NS_C,770,617,27.0,6.92,0.0,0,0,0,True
1745,262.4,0.27,20.0,NS_D,911,732,33.0,17.44,0.0,0,0,0,False
1746,448.9,0.78,19.6,COMPLEX_TURN_D_TO_B,622,699,61.0,26.18,0.0,0,0,0,False
1747,472.7,0.01,19.0,EW_full,750,603,76.0,40.08,2.0,0,0,0,False
1748,630.2,0.61,20.5,EW_full,706,866,87.0,53.71,10.0,0,0,0,False
1749,256.4,0.72,21.9,NS_D,844,675,34.0,19.79,1.0,0,0,0,False
1750,526.4,0.28,15.8,NS_C,792,930,59.0,39.3,21.0,0,0,0,False
1751,457.3,0.76,20.2,NS_C,988,716,29.0,13.59,0.0,0,0,0,True
1752,310.4,0.08,16.2,EW_full,637,837,66.0,23.88,0.0,0,0,0,False
1753,604.0,0.16,16.8,NS_B,916,977,-1.0,999.0,23.0,0,0,1,False
1754,553.1,0.13,19.7,NS_D,725,896,59.0,43.2,23.0,0,0,0,False
1755,347.2,0.6,18.7,COMPLEX_TURN_D_TO_B,614,757,62.0,25.51,0.0,0,0,0,False
1756,256.4,0.92,15.5,NS_B,844,964,59.0,38.92,22.0,0,0,0,False
1757,602.9,0.1,16.8,COMPLEX_TURN_D_TO_B,934,849,89.0,48.38,22.0,0,0,0,False
1758,437.0,0.31,16.5,COMPLEX_TURN_D_TO_B,960,739,61.0,19.64,0.0,0,0,0,False
1759,483.8,0.69,16.0,EW_full,746,776,83.0,40.35,9.0,0,0,0,False
1760,482.9,0.47,21.9,COMPLEX_TURN_D_TO_B,600,824,74.0,42.84,4.0,0,0,0,False
1761,533.3,0.55,15.1,EW_full,840,801,-1.0,999.0,49.0,0,0,1,False
1762,533.2,0.92,17.8,COMPLEX_TURN_D_TO_B,909,740,62.0,23.66,0.0,0,0,0,False
1763,253.2,0.82,17.6,COMPLEX_TURN_D_TO_B,810,727,63.0,24.23,0.0,0,0,0,False
1764,358.5,0.16,19.5,COMPLEX_TURN_D_TO_B,918,717,65.0,30.01,2.0,0,0,0,False
1765,418.5,0.33,20.7,NS_B,778,981,59.0,43.97,23.0,0,0,0,False
1766,512.4,0.94,16.2,COMPLEX_TURN_D_TO_B,767,754,61.0,18.88,0.0,0,0,0,False
1767,633.3,0.23,21.5,NS_D,879,759,34.0,19.53,2.0,0,0,0,False
1768,332.2,0.78,15.5,NS_D,820,696,26.0,5.92,0.0,0,0,0,True
1769,588.8,0.38,15.6,COMPLEX_TURN_D_TO_B,601,634,59.0,15.26,0.0,0,0,0,False
1770,373.3,0.02,18.1,NS_C,1089,799,34.0,16.81,0.0,0,0,0,False
1771,576.6,0.91,20.4,EW_full,621,799,64.0,30.55,0.0,0,0,0,False
1772,296.2,0.02,18.7,EW_full,1068,898,-1.0,999.0,40.0,0,0,1,False
1773,401.7,0.41,18.1,EW_full,739,780,78.0,40.3,12.0,0,0,0,False
1774,638.7,0.3,14.4,NS_C,1004,738,33.0,11.39,2.0,0,0,0,True
1775,514.7,0.98,21.7,NS_D,1005,814,44.0,29.66,8.0,0,0,0,False
1776,585.0,0.03,16.5,NS_B,1066,853,56.0,37.14,22.0,0,0,0,False
1777,399.9,0.32,15.3,COMPLEX_TURN_D_TO_B,932,677,63.0,18.4,0.0,0,0,0,False
1778,615.2,0.26,15.2,NS_C,840,629,25.0,4.53,0.0,0,0,0,True
1779,269.4,0.67,20.5,NS_D,770,853,38.0,22.82,6.0,0,0,0,False
1780,578.6,0.17,18.0,NS_B,887,763,33.0,15.71,1.0,0,0,0,False
1781,368.3,0.56,20.1,COMPLEX_TURN_D_TO_B,996,995,-1.0,999.0,20.0,0,0,1,False
1782,608.9,0.99,14.6,COMPLEX_TURN_D_TO_B,804,872,90.0,43.26,24.0,0,0,0,False
1783,320.4,0.48,18.5,COMPLEX_TURN_D_TO_B,945,754,60.0,23.11,0.0,0,0,0,False
1784,365.8,0.17,21.1,COMPLEX_TURN_D_TO_B,795,810,75.0,42.66,10.0,0,0,0,False
1785,507.3,0.74,19.3,EW_full,786,806,90.0,54.64,13.0,0,0,0,False
1786,459.0,0.52,15.3,NS_C,958,911,58.0,37.66,23.0,0,0,0,False
1787,381.7,0.07,20.3,COMPLEX_TURN_D_TO_B,1051,607,58.0,24.38,0.0,0,0,0,False
1788,427.7,0.11,19.3,NS_D,1066,854,46.0,29.88,5.0,0,0,0,False
1789,420.4,0.36,14.6,NS_D,654,725,25.0,3.68,0.0,0,0,0,True
1790,593.7,0.11,21.8,COMPLEX_TURN_D_TO_B,608,934,-1.0,999.0,21.0,0,0,1,False
1791,620.0,0.7,19.6,NS_C,1012,734,26.0,10.12,0.0,0,0,0,True
1792,600.9,0.28,17.1,NS_C,1065,642,34.0,15.8,0.0,0,0,0,False
1793,311.1,0.6,19.5,EW_full,1092,837,-1.0,999.0,25.0,0,0,1,False
1794,297.2,0.72,19.0,NS_B,617,711,29.0,12.62,0.0,0,0,0,True
1795,287.0,0.16,16.5,COMPLEX_TURN_D_TO_B,810,943,88.0,46.64,21.0,0,0,0,False
1796,480.9,0.07,20.9,EW_full,632,941,72.0,39.35,3.0,0,0,0,False
1797,405.1,0.86,15.1,NS_C,677,985,63.0,42.39,22.0,0,0,0,False
1798,406.3,0.11,15.5,NS_C,923,848,51.0,30.92,17.0,0,0,0,False
1799,636.3,0.22,17.7,NS_D,656,866,80.0,62.42,36.0,0,0,0,False
1800,276.2,0.8,18.7,NS_D,822,834,32.0,15.36,1.0,0,0,0,False
1801,408.5,0.82,16.2,NS_B,664,783,39.0,19.79,6.0,0,0,0,False
1802,559.3,0.39,19.8,NS_D,1077,760,34.0,18.28,0.0,0,0,0,False
1803,268.5,0.12,15.8,COMPLEX_TURN_D_TO_B,1030,898,78.0,34.81,14.0,0,0,0,False
1804,416.0,0.76,21.5,COMPLEX_TURN_D_TO_B,995,795,70.0,38.26,7.0,0,0,0,False
1805,318.6,0.49,18.4,NS_B,613,705,27.0,10.09,0.0,0,0,0,True
1806,583.9,0.67,18.3,COMPLEX_TURN_D_TO_B,620,625,59.0,21.71,0.0,0,0,0,False
1807,522.4,1.0,14.6,NS_D,971,765,25.0,3.68,0.0,0,0,0,True
1808,269.5,0.66,20.9,COMPLEX_TURN_D_TO_B,1043,794,65.0,32.35,0.0,0,0,0,False
1809,271.7,0.24,15.8,NS_D,641,631,25.0,5.3,0.0,0,0,0,True
1810,425.7,0.94,15.0,NS_D,1095,602,31.0,10.25,0.0,0,0,0,True
1811,347.7,0.97,17.5,NS_D,1071,627,31.0,13.22,0.0,0,0,0,True
1812,494.5,0.46,17.7,COMPLEX_TURN_D_TO_B,791,771,67.0,28.45,5.0,0,0,0,False
1813,425.5,0.73,21.0,COMPLEX_TURN_D_TO_B,824,871,98.0,65.5,28.0,0,0,0,False
1814,370.8,0.71,19.5,NS_D,931,947,82.0,66.04,41.0,0,0,0,False
1815,503.8,0.55,19.8,NS_B,926,771,42.0,26.28,9.0,0,0,0,False
1816,409.7,0.78,20.6,EW_full,655,818,71.0,37.87,6.0,0,0,0,False
1817,349.0,0.33,15.2,NS_C,836,659,29.0,8.53,0.0,0,0,0,True
1818,268.3,0.41,16.0,NS_B,951,805,35.0,15.55,3.0,0,0,0,False
1819,499.0,0.41,16.6,NS_B,934,908,60.0,41.25,21.0,0,0,0,False
1820,475.6,0.86,19.2,COMPLEX_TURN_D_TO_B,788,667,58.0,22.46,0.0,0,0,0,False
1821,428.4,0.13,20.6,NS_B,672,885,56.0,40.89,20.0,0,0,0,False
1822,310.7,0.52,21.7,NS_D,709,775,39.0,24.66,8.0,0,0,0,False
1823,394.1,0.43,14.3,NS_B,891,921,58.0,36.24,22.0,0,0,0,False
1824,423.3,0.64,14.1,NS_B,939,666,28.0,5.93,0.0,0,0,0,True
1825,422.2,0.36,19.1,NS_B,748,698,25.0,8.71,0.0,0,0,0,True
1826,306.0,0.16,18.1,NS_B,1048,841,48.0,30.81,13.0,0,0,0,False
1827,302.9,0.06,18.2,COMPLEX_TURN_D_TO_B,1059,940,90.0,52.51,24.0,0,0,0,False
1828,495.9,0.01,15.5,NS_B,649,991,-1.0,999.0,20.0,0,0,1,False
1829,365.3,0.62,17.3,EW_full,691,840,75.0,35.55,0.0,0,0,0,False
1830,352.9,0.67,17.0,NS_C,846,929,59.0,40.69,22.0,0,0,0,False
1831,309.3,0.8,19.1,EW_full,820,945,110.0,74.27,22.0,0,0,0,False
1832,392.2,0.53,17.4,NS_B,759,851,60.0,42.11,20.0,0,0,0,False
1833,604.1,0.52,18.2,NS_B,807,782,42.0,24.9,5.0,0,0,0,False
1834,360.7,0.48,21.9,COMPLEX_TURN_D_TO_B,848,699,60.0,28.84,0.0,0,0,0,False
1835,342.3,0.37,17.8,COMPLEX_TURN_D_TO_B,846,637,57.0,18.66,0.0,0,0,0,False
1836,353.8,0.01,18.6,NS_D,808,711,33.0,16.27,2.0,0,0,0,False
1837,394.1,0.64,18.5,EW_full,702,661,69.0,32.11,5.0,0,0,0,False
1838,521.3,0.15,18.9,NS_C,959,762,30.0,13.53,0.0,0,0,0,True
1839,644.6,0.33,20.0,NS_C,1009,958,-1.0,999.0,18.0,0,0,1,False
1840,364.1,0.04,15.3,NS_D,884,797,36.0,15.66,4.0,0,0,0,False
1841,561.9,0.74,19.3,COMPLEX_TURN_D_TO_B,715,636,58.0,22.64,0.0,0,0,0,False
1842,270.3,0.45,16.9,NS_C,907,703,25.0,6.59,0.0,0,0,0,True
1843,331.1,0.9,15.8,EW_full,804,806,96.0,52.81,22.0,0,0,0,False
1844,568.8,0.4,17.2,NS_D,857,667,25.0,6.91,0.0,0,0,0,True
1845,478.6,0.8,20.1,NS_B,678,853,57.0,41.52,17.0,0,0,0,False
1846,272.9,0.92,18.8,NS_D,916,741,25.0,8.45,0.0,0,0,0,True
1847,495.2,0.6,21.0,NS_B,989,967,-1.0,999.0,38.0,0,0,1,False
1848,635.5,0.9,20.8,COMPLEX_TURN_D_TO_B,1048,807,88.0,55.19,22.0,0,0,0,False
1849,285.5,0.46,14.1,COMPLEX_TURN_D_TO_B,899,923,96.0,47.6,25.0,0,0,0,False
1850,309.5,0.34,21.3,COMPLEX_TURN_D_TO_B,1052,966,111.0,78.96,39.0,0,0,0,False
1851,431.9,0.04,20.9,EW_full,680,810,80.0,47.35,8.0,0,0,0,False
1852,382.5,0.4,14.5,EW_full,805,822,111.0,63.94,28.0,0,0,0,False
1853,626.1,0.6,20.2,NS_B,1017,725,30.0,14.59,0.0,0,0,0,True
1854,485.7,0.99,14.2,NS_B,654,804,42.0,20.08,12.0,0,0,0,False
1855,408.9,0.32,14.2,COMPLEX_TURN_D_TO_B,975,991,-1.0,999.0,35.0,0,0,1,False
1856,320.1,0.45,14.4,NS_B,948,861,42.0,20.39,8.0,0,0,0,False
1857,468.9,0.97,14.2,NS_B,648,901,53.0,31.08,18.0,0,0,0,False
1858,467.7,0.44,17.7,NS_D,1066,739,25.0,7.42,0.0,0,0,0,True
1859,611.1,0.43,19.4,NS_C,606,778,35.0,18.96,0.0,0,0,0,False
1860,451.4,0.77,20.1,COMPLEX_TURN_D_TO_B,601,995,-1.0,999.0,38.0,0,0,1,False
1861,326.2,0.97,21.5,NS_C,897,851,45.0,30.53,9.0,0,0,0,False
1862,495.7,0.33,14.1,NS_D,941,747,34.0,11.93,2.0,0,0,0,True
1863,497.2,0.45,21.3,NS_C,1065,612,31.0,16.39,0.0,0,0,0,False
1864,356.4,0.96,17.1,EW_full,1001,944,-1.0,999.0,27.0,0,0,1,False
1865,406.6,0.73,20.9,COMPLEX_TURN_D_TO_B,1075,821,74.0,41.35,11.0,0,0,0,False
1866,483.3,0.49,16.8,NS_B,927,748,29.0,10.48,0.0,0,0,0,True
1867,257.1,0.49,14.4,NS_C,1014,902,51.0,29.39,19.0,0,0,0,False
1868,494.1,0.52,16.8,COMPLEX_TURN_D_TO_B,730,799,75.0,34.38,12.0,0,0,0,False
1869,364.4,0.84,17.4,EW_full,694,795,75.0,35.78,0.0,0,0,0,False
1870,345.1,0.86,14.8,NS_C,657,786,41.0,19.97,5.0,0,0,0,False
1871,276.2,0.34,14.3,NS_D,897,638,25.0,3.24,0.0,0,0,0,True
1872,364.1,0.09,17.1,NS_B,914,760,30.0,11.8,0.0,0,0,0,True
1873,267.2,0.94,16.3,NS_B,610,602,25.0,5.91,0.0,0,0,0,True
1874,614.1,0.41,17.3,EW_full,848,675,-1.0,999.0,48.0,0,0,1,False
1875,353.9,0.14,15.9,NS_B,663,958,81.0,61.43,42.0,0,0,0,False
1876,397.1,0.77,19.9,NS_B,753,657,33.0,17.36,0.0,0,0,0,False
1877,476.4,0.02,20.7,EW_full,747,789,69.0,36.03,2.0,0,0,0,False
1878,496.8,0.05,14.3,EW_full,819,620,105.0,57.28,20.0,0,0,0,False
1879,394.2,0.31,14.5,NS_D,633,990,59.0,37.54,21.0,0,0,0,False
1880,542.0,0.86,20.2,EW_full,1039,895,-1.0,999.0,0.0,0,0,1,False
1881,254.4,0.85,18.6,COMPLEX_TURN_D_TO_B,1041,709,64.0,27.31,0.0,0,0,0,False
1882,327.9,0.78,21.5,NS_C,1016,907,48.0,33.53,12.0,0,0,0,False
1883,271.4,0.83,18.5,NS_D,1058,615,27.0,10.18,0.0,0,0,0,True
1884,342.3,0.67,15.1,NS_B,646,857,48.0,27.39,11.0,0,0,0,False
1885,256.1,0.55,15.3,NS_B,644,837,47.0,26.66,14.0,0,0,0,False
1886,338.5,0.06,16.9,NS_B,1087,884,59.0,40.59,20.0,0,0,0,False
1887,529.7,0.34,14.1,NS_D,859,902,62.0,39.93,22.0,0,0,0,False
1888,509.7,0.45,16.4,NS_C,1062,978,-1.0,999.0,21.0,0,0,1,False
1889,289.2,0.45,18.2,NS_C,982,852,41.0,23.9,5.0,0,0,0,False
1890,532.5,0.19,17.9,COMPLEX_TURN_D_TO_B,1020,940,-1.0,999.0,20.0,0,0,1,False
1891,288.5,0.45,14.2,EW_full,653,651,84.0,35.94,10.0,0,0,0,False
1892,641.8,0.41,21.1,COMPLEX_TURN_D_TO_B,999,663,63.0,30.66,0.0,0,0,0,False
1893,397.6,0.08,15.3,COMPLEX_TURN_D_TO_B,1056,636,61.0,16.4,0.0,0,0,0,False
1894,545.9,0.51,21.7,NS_C,640,722,35.0,20.66,1.0,0,0,0,False
1895,579.9,0.27,15.4,NS_B,1094,736,27.0,6.79,0.0,0,0,0,True
1896,317.2,0.86,21.9,EW_full,813,662,94.0,62.84,12.0,0,0,0,False
1897,624.4,0.4,16.0,NS_B,717,776,36.0,16.55,3.0,0,0,0,False
1898,338.8,0.73,16.5,NS_C,1071,863,46.0,27.14,7.0,0,0,0,False
1899,503.2,0.31,18.2,NS_D,734,854,57.0,39.9,22.0,0,0,0,False
1900,499.6,0.95,16.9,NS_B,816,640,32.0,13.59,1.0,0,0,0,True
1901,386.5,0.92,16.5,NS_C,836,860,52.0,33.14,6.0,0,0,0,False
1902,586.3,0.53,20.5,COMPLEX_TURN_D_TO_B,664,862,89.0,55.71,23.0,0,0,0,False
1903,355.1,0.67,14.7,NS_B,1014,789,42.0,20.83,11.0,0,0,0,False
1904,633.7,0.25,21.2,EW_full,920,966,-1.0,999.0,20.0,0,0,1,False
1905,409.5,0.85,16.0,COMPLEX_TURN_D_TO_B,1022,928,88.0,45.35,18.0,0,0,0,False
1906,269.2,0.48,20.7,COMPLEX_TURN_D_TO_B,1096,675,58.0,25.03,0.0,0,0,0,False
1907,461.6,0.58,14.7,NS_B,674,731,30.0,8.83,0.0,0,0,0,True
1908,631.0,0.17,20.2,NS_B,1041,865,60.0,44.59,23.0,0,0,0,False
1909,390.5,0.84,16.8,EW_full,1042,718,-1.0,999.0,45.0,0,0,1,False
1910,373.4,0.49,17.0,NS_D,795,997,73.0,54.69,32.0,0,0,0,False
1911,574.9,0.58,15.4,NS_B,920,731,28.0,7.79,0.0,0,0,0,True
1912,296.9,0.42,20.6,NS_D,955,842,42.0,26.89,8.0,0,0,0,False
1913,298.1,0.7,17.3,NS_D,808,628,29.0,11.01,0.0,0,0,0,True
1914,500.3,0.98,17.6,NS_B,685,988,59.0,41.32,23.0,0,0,0,False
1915,355.9,0.64,19.6,COMPLEX_TURN_D_TO_B,1069,892,86.0,51.18,23.0,0,0,0,False
1916,410.5,0.41,16.0,NS_B,783,738,30.0,10.55,0.0,0,0,0,True
1917,333.9,0.48,15.3,COMPLEX_TURN_D_TO_B,1050,760,58.0,13.4,0.0,0,0,0,True
1918,599.8,0.74,16.5,NS_C,1019,945,-1.0,999.0,22.0,0,0,1,False
1919,377.4,0.39,16.9,NS_C,728,604,25.0,6.59,0.0,0,0,0,True
1920,534.4,0.62,19.7,NS_C,811,899,78.0,62.2,36.0,0,0,0,False
1921,408.3,0.49,15.7,NS_C,1037,783,38.0,18.18,7.0,0,0,0,False
1922,648.0,0.89,16.1,COMPLEX_TURN_D_TO_B,895,793,73.0,30.61,11.0,0,0,0,False
1923,501.4,0.52,16.8,EW_full,626,771,78.0,37.38,7.0,0,0,0,False
1924,602.6,0.44,18.0,NS_D,1035,854,54.0,36.71,22.0,0,0,0,False
1925,395.3,0.73,17.0,COMPLEX_TURN_D_TO_B,851,651,59.0,18.86,0.0,0,0,0,False
1926,549.3,0.58,20.9,NS_C,911,753,37.0,22.11,5.0,0,0,0,False
1927,423.5,0.02,18.9,NS_C,1069,850,41.0,24.53,9.0,0,0,0,False
1928,528.3,0.05,20.0,COMPLEX_TURN_D_TO_B,673,933,-1.0,999.0,23.0,0,0,1,False
1929,588.5,0.87,19.5,NS_C,824,952,-1.0,999.0,19.0,0,0,1,False
1930,438.0,0.13,14.8,NS_D,636,977,61.0,39.97,22.0,0,0,0,False
1931,583.1,0.38,15.0,NS_C,839,705,32.0,11.25,0.0,0,0,0,True
1932,529.8,0.94,15.3,NS_B,753,858,56.0,35.66,18.0,0,0,0,False
1933,309.4,0.65,20.9,NS_B,865,723,35.0,20.11,2.0,0,0,0,False
1934,401.4,0.4,17.7,NS_B,993,967,59.0,41.42,24.0,0,0,0,False
1935,342.8,0.58,19.8,NS_C,1057,840,43.0,27.28,10.0,0,0,0,False
1936,516.8,0.71,20.9,COMPLEX_TURN_D_TO_B,1051,989,-1.0,999.0,23.0,0,0,1,False
1937,315.7,0.24,19.0,COMPLEX_TURN_D_TO_B,738,749,58.0,22.08,0.0,0,0,0,False
1938,384.2,0.5,17.4,NS_C,898,738,27.0,9.11,0.0,0,0,0,True
1939,520.8,0.26,15.8,NS_D,631,707,26.0,6.3,0.0,0,0,0,True
1940,442.4,0.21,14.0,EW_full,1041,800,-1.0,999.0,25.0,0,0,1,False
1941,403.7,0.97,17.3,NS_C,899,748,39.0,21.01,4.0,0,0,0,False
1942,438.3,0.21,16.2,EW_full,922,800,-1.0,999.0,38.0,0,0,1,False
1943,353.1,0.78,19.9,NS_D,1091,879,55.0,39.36,17.0,0,0,0,False
1944,592.5,0.99,21.5,NS_C,960,613,28.0,13.53,0.0,0,0,0,True
1945,398.5,0.78,16.6,COMPLEX_TURN_D_TO_B,740,787,73.0,31.89,9.0,0,0,0,False
1946,547.5,0.34,14.1,NS_C,878,963,-1.0,999.0,18.0,0,0,1,False
1947,643.0,0.52,17.5,COMPLEX_TURN_D_TO_B,781,727,63.0,24.01,1.0,0,0,0,False
1948,560.8,0.88,18.3,COMPLEX_TURN_D_TO_B,1045,747,62.0,24.71,0.0,0,0,0,False
1949,254.1,0.28,15.0,NS_D,605,717,32.0,11.25,0.0,0,0,0,True
1950,621.7,0.54,17.3,NS_C,1096,744,26.0,8.01,0.0,0,0,0,True
1951,431.3,0.37,16.7,COMPLEX_TURN_D_TO_B,939,741,57.0,16.14,0.0,0,0,0,False
1952,263.0,0.09,16.2,NS_B,1014,892,49.0,29.79,16.0,0,0,0,False
1953,344.5,0.21,19.7,COMPLEX_TURN_D_TO_B,681,871,85.0,50.36,17.0,0,0,0,False
1954,292.4,0.66,20.7,NS_C,933,869,47.0,31.97,8.0,0,0,0,False
1955,479.5,0.7,16.9,NS_D,832,675,25.0,6.59,0.0,0,0,0,True
1956,605.5,0.71,18.6,COMPLEX_TURN_D_TO_B,1003,713,57.0,20.31,0.0,0,0,0,False
1957,345.2,0.55,14.6,EW_full,1075,661,-1.0,999.0,44.0,0,0,1,False
1958,356.1,0.32,19.9,NS_B,648,712,34.0,18.36,3.0,0,0,0,False
1959,489.6,0.41,21.2,NS_B,663,679,33.0,18.32,0.0,0,0,0,False
1960,642.1,0.13,21.4,NS_C,930,742,35.0,20.46,4.0,0,0,0,False
1961,588.4,0.49,15.8,NS_C,1067,827,59.0,39.3,21.0,0,0,0,False
1962,369.6,0.97,20.0,COMPLEX_TURN_D_TO_B,900,729,57.0,22.88,0.0,0,0,0,False
1963,427.9,0.53,20.2,NS_C,624,738,25.0,9.59,0.0,0,0,0,True
1964,593.1,0.23,18.1,NS_C,720,862,77.0,59.81,35.0,0,0,0,False
1965,361.9,0.88,19.1,EW_full,695,670,80.0,44.27,8.0,0,0,0,False
1966,334.3,0.39,19.2,NS_D,861,754,25.0,8.79,0.0,0,0,0,True
1967,593.8,0.24,18.3,NS_C,736,893,59.0,41.99,20.0,0,0,0,False
1968,462.9,0.46,19.7,COMPLEX_TURN_D_TO_B,1069,824,75.0,40.36,14.0,0,0,0,False
1969,474.1,0.26,20.8,NS_B,1086,750,33.0,18.04,0.0,0,0,0,False
1970,253.8,0.36,20.4,EW_full,980,995,-1.0,999.0,35.0,0,0,1,False
1971,634.1,0.66,16.0,NS_D,1034,605,28.0,8.55,0.0,0,0,0,True
1972,290.3,0.08,15.8,NS_C,840,612,28.0,8.3,0.0,0,0,0,True
1973,454.8,0.34,15.3,COMPLEX_TURN_D_TO_B,697,970,-1.0,999.0,23.0,0,0,1,False
1974,372.2,0.72,14.1,NS_D,911,799,33.0,10.93,2.0,0,0,0,True
1975,313.0,0.82,19.7,NS_D,705,795,40.0,24.2,5.0,0,0,0,False
1976,468.7,0.8,14.5,COMPLEX_TURN_D_TO_B,696,986,-1.0,999.0,22.0,0,0,1,False
1977,556.4,0.68,18.5,NS_C,894,943,-1.0,999.0,18.0,0,0,1,False
1978,453.5,0.09,20.1,EW_full,894,762,-1.0,999.0,43.0,0,0,1,False
1979,636.0,0.51,17.2,COMPLEX_TURN_D_TO_B,972,621,60.0,20.33,0.0,0,0,0,False
1980,435.0,0.48,15.5,NS_C,1017,627,28.0,7.92,0.0,0,0,0,True
1981,288.1,0.36,16.9,NS_C,765,837,40.0,21.59,4.0,0,0,0,False
1982,649.6,0.13,21.9,NS_D,965,695,29.0,14.79,0.0,0,0,0,True
1983,283.2,0.16,19.8,NS_C,726,746,30.0,14.28,0.0,0,0,0,True
1984,283.2,0.73,21.4,NS_B,826,982,58.0,43.46,21.0,0,0,0,False
1985,449.8,0.19,19.3,NS_C,878,911,80.0,63.88,39.0,0,0,0,False
1986,506.9,0.98,17.9,NS_D,984,763,33.0,15.61,1.0,0,0,0,False
1987,465.2,0.31,21.3,NS_C,894,799,41.0,26.39,5.0,0,0,0,False
1988,361.5,0.16,16.3,NS_D,990,793,40.0,20.91,10.0,0,0,0,False
1989,515.7,0.16,18.4,NS_D,977,882,58.0,41.09,20.0,0,0,0,False
1990,560.4,0.4,15.6,COMPLEX_TURN_D_TO_B,694,800,73.0,29.26,11.0,0,0,0,False
1991,443.4,0.47,20.4,COMPLEX_TURN_D_TO_B,1023,975,-1.0,999.0,22.0,0,0,1,False
1992,409.0,0.89,15.1,EW_full,784,820,88.0,42.81,11.0,0,0,0,False
1993,554.8,0.31,20.9,NS_B,647,921,52.0,37.11,18.0,0,0,0,False
1994,591.9,0.33,19.2,NS_C,607,921,58.0,41.79,21.0,0,0,0,False
1995,470.2,0.85,17.7,NS_D,805,789,36.0,18.42,0.0,0,0,0,False
1996,614.2,0.9,17.8,NS_C,983,705,25.0,7.52,0.0,0,0,0,True
1997,532.1,0.34,21.6,NS_B,1048,805,45.0,30.59,7.0,0,0,0,False
1998,560.1,0.7,19.6,EW_full,784,987,98.0,63.18,12.0,0,0,0,False
1999,598.1,0.63,20.0,NS_D,937,727,35.0,19.44,1.0,0,0,0,False
2000,645.2,0.22,16.6,NS_B,823,733,33.0,14.25,1.0,0,0,0,True
